branchname,ZIP_CODE,BORROWER_COUNT,RENEWED_LM,ADDED_LM,DELETED_LM
"Atchison Public Library",-,27,1,,
"Atchison Public Library",0,57,1,2,
"Atchison Public Library",64079,2,,,
"Atchison Public Library",64152,2,,,
"Atchison Public Library",64484,114,2,,
"Atchison Public Library",64501,7,,,
"Atchison Public Library",64503,3,,,
"Atchison Public Library",64504,7,,,
"Atchison Public Library",64505,4,,,
"Atchison Public Library",64506,7,,,
"Atchison Public Library",64507,5,,,
"Atchison Public Library",66002,5928,113,21,3
"Atchison Public Library",66008,13,,,
"Atchison Public Library",66012,2,,,
"Atchison Public Library",66016,121,2,2,
"Atchison Public Library",66017,13,,,
"Atchison Public Library",66020,26,1,,
"Atchison Public Library",66023,81,,1,
"Atchison Public Library",66024,1,,,
"Atchison Public Library",66027,1,,,
"Atchison Public Library",66035,7,,,
"Atchison Public Library",66041,126,5,3,
"Atchison Public Library",66043,7,,,
"Atchison Public Library",66044,11,,,
"Atchison Public Library",66047,8,,8,
"Atchison Public Library",66048,32,,,
"Atchison Public Library",66049,7,,,
"Atchison Public Library",66053,1,,,
"Atchison Public Library",66058,24,,,
"Atchison Public Library",66060,36,1,,
"Atchison Public Library",66061,4,,,
"Atchison Public Library",66062,1,,,
"Atchison Public Library",66072,1,,,
"Atchison Public Library",66083,1,,,
"Atchison Public Library",66087,12,,,
"Atchison Public Library",66088,12,,,
"Atchison Public Library",66090,4,,,
"Atchison Public Library",66097,8,,,
"Atchison Public Library",66104,1,,,
"Atchison Public Library",66106,1,,,
"Atchison Public Library",66109,3,,,
"Atchison Public Library",66202,2,,,
"Atchison Public Library",66203,1,,,
"Atchison Public Library",66212,1,,,
"Atchison Public Library",66213,2,,,
"Atchison Public Library",66215,2,,,
"Atchison Public Library",66216,2,,,
"Atchison Public Library",66422,1,,,
"Atchison Public Library",66424,25,1,,
"Atchison Public Library",66434,3,,,
"Atchison Public Library",66436,6,,,
"Atchison Public Library",66439,15,,1,
"Atchison Public Library",66509,3,,,
"Atchison Public Library",66512,1,,,
"Atchison Public Library",66523,1,,,
"Atchison Public Library",66532,7,,,
"Atchison Public Library",66534,2,,,
"Atchison Public Library",66552,1,,,
"Atchison Public Library",66604,2,,,
"Atchison Public Library",66606,1,,,
"Atchison Public Library",66607,1,,,
"Atchison Public Library",66610,1,,1,
"Atchison Public Library",66614,1,,,
"Atchison Public Library",66618,1,,,
"Atchison Public Library",66619,1,,,
"Baldwin City Public Library",-,3,,,
"Baldwin City Public Library",0,73,,1,1
"Baldwin City Public Library",64152,1,,,
"Baldwin City Public Library",66006,3528,59,18,
"Baldwin City Public Library",66007,4,,,
"Baldwin City Public Library",66018,1,,,
"Baldwin City Public Library",66021,32,,,
"Baldwin City Public Library",66025,52,1,,
"Baldwin City Public Library",66030,20,1,,
"Baldwin City Public Library",66032,1,,,
"Baldwin City Public Library",66043,1,,,
"Baldwin City Public Library",66044,34,1,,
"Baldwin City Public Library",66046,65,1,,
"Baldwin City Public Library",66047,50,2,9,
"Baldwin City Public Library",66048,2,,,
"Baldwin City Public Library",66049,31,,1,
"Baldwin City Public Library",66050,1,,,
"Baldwin City Public Library",66053,1,,,
"Baldwin City Public Library",66061,10,,,
"Baldwin City Public Library",66062,2,,,
"Baldwin City Public Library",66064,1,,,
"Baldwin City Public Library",66067,66,1,1,
"Baldwin City Public Library",66071,3,,,
"Baldwin City Public Library",66073,1,,,
"Baldwin City Public Library",66076,7,,,
"Baldwin City Public Library",66078,1,,,
"Baldwin City Public Library",66079,2,,,
"Baldwin City Public Library",66083,2,,,
"Baldwin City Public Library",66086,3,,,
"Baldwin City Public Library",66088,2,,,
"Baldwin City Public Library",66092,109,2,,
"Baldwin City Public Library",66104,2,,,
"Baldwin City Public Library",66109,2,,,
"Baldwin City Public Library",66112,1,,,
"Baldwin City Public Library",66202,2,,,
"Baldwin City Public Library",66203,1,,,
"Baldwin City Public Library",66212,6,,,
"Baldwin City Public Library",66213,1,,,
"Baldwin City Public Library",66226,1,,,
"Baldwin City Public Library",66409,1,,,
"Baldwin City Public Library",66413,1,,,
"Baldwin City Public Library",66414,1,,,
"Baldwin City Public Library",66434,3,,,
"Baldwin City Public Library",66503,1,,,
"Baldwin City Public Library",66524,45,1,,
"Baldwin City Public Library",66532,1,,,
"Baldwin City Public Library",66538,1,,,
"Baldwin City Public Library",66542,1,,,
"Baldwin City Public Library",66604,1,,,
"Baldwin City Public Library",66605,1,,,
"Baldwin City Public Library",66610,2,,,
"Baldwin City Public Library",66614,2,,,
"Baldwin City Public Library",66856,1,,,
"Basehor Community Library",-,6,,1,
"Basehor Community Library",0,78,3,,
"Basehor Community Library",64079,1,,,
"Basehor Community Library",64152,2,,,
"Basehor Community Library",64506,1,,,
"Basehor Community Library",66002,1,,,
"Basehor Community Library",66007,4469,98,27,1
"Basehor Community Library",66012,511,8,2,
"Basehor Community Library",66016,1,,,
"Basehor Community Library",66018,5,,,
"Basehor Community Library",66020,6,,,
"Basehor Community Library",66025,3,,,
"Basehor Community Library",66027,3,,,
"Basehor Community Library",66030,2,,,
"Basehor Community Library",66032,1,,,
"Basehor Community Library",66040,1,,,
"Basehor Community Library",66043,74,1,,
"Basehor Community Library",66044,21,,,
"Basehor Community Library",66046,8,,,
"Basehor Community Library",66047,10,,9,
"Basehor Community Library",66048,225,10,,
"Basehor Community Library",66049,13,,,
"Basehor Community Library",66052,63,2,,
"Basehor Community Library",66053,2,,,
"Basehor Community Library",66054,25,,,
"Basehor Community Library",66061,9,,,
"Basehor Community Library",66062,5,,,
"Basehor Community Library",66066,1,,,
"Basehor Community Library",66073,3,,,
"Basehor Community Library",66086,629,15,2,
"Basehor Community Library",66087,1,,,
"Basehor Community Library",66088,1,,,
"Basehor Community Library",66092,1,,,
"Basehor Community Library",66097,1,,,
"Basehor Community Library",66102,18,,,
"Basehor Community Library",66103,4,,,
"Basehor Community Library",66104,12,,1,
"Basehor Community Library",66106,11,,,
"Basehor Community Library",66109,512,11,6,
"Basehor Community Library",66111,41,,,
"Basehor Community Library",66112,19,,,
"Basehor Community Library",66113,9,,,
"Basehor Community Library",66202,2,,,
"Basehor Community Library",66203,6,,,
"Basehor Community Library",66212,4,,,
"Basehor Community Library",66213,3,,,
"Basehor Community Library",66215,9,,,
"Basehor Community Library",66216,8,,,
"Basehor Community Library",66218,18,,,
"Basehor Community Library",66226,31,,,
"Basehor Community Library",66227,5,,,
"Basehor Community Library",66402,1,,,
"Basehor Community Library",66434,1,,,
"Basehor Community Library",66512,1,,,
"Basehor Community Library",66609,1,,,
"Basehor Community Library",66611,1,,,
"Basehor Community Library",66614,2,1,,
"Basehor Community Library",67401,1,,,
"Bern Community Library",-,7,,,
"Bern Community Library",0,6,,,
"Bern Community Library",64501,1,,,
"Bern Community Library",66047,8,,8,
"Bern Community Library",66049,1,,,
"Bern Community Library",66403,2,,,
"Bern Community Library",66408,143,1,,
"Bern Community Library",66534,12,,,
"Bern Community Library",66538,9,,,
"Bern Community Library",66544,1,,,
"Bonner Springs City Library",-,38,1,1,
"Bonner Springs City Library",0,68,,,
"Bonner Springs City Library",64079,1,,,
"Bonner Springs City Library",64152,5,,,
"Bonner Springs City Library",64503,1,,,
"Bonner Springs City Library",64505,1,,,
"Bonner Springs City Library",66002,4,,,
"Bonner Springs City Library",66006,1,,,
"Bonner Springs City Library",66007,100,1,1,
"Bonner Springs City Library",66012,4329,65,19,
"Bonner Springs City Library",66018,28,1,1,
"Bonner Springs City Library",66020,1,,,
"Bonner Springs City Library",66021,5,,,
"Bonner Springs City Library",66025,1,,,
"Bonner Springs City Library",66027,2,,,
"Bonner Springs City Library",66030,11,1,,
"Bonner Springs City Library",66032,1,,,
"Bonner Springs City Library",66040,5,,,
"Bonner Springs City Library",66043,15,,,
"Bonner Springs City Library",66044,11,,,
"Bonner Springs City Library",66046,3,,,
"Bonner Springs City Library",66047,9,,8,
"Bonner Springs City Library",66048,52,,,
"Bonner Springs City Library",66049,12,,,
"Bonner Springs City Library",66052,65,4,,
"Bonner Springs City Library",66053,1,,,
"Bonner Springs City Library",66054,2,,,
"Bonner Springs City Library",66061,42,,,
"Bonner Springs City Library",66062,24,,,
"Bonner Springs City Library",66066,1,,,
"Bonner Springs City Library",66067,3,,,
"Bonner Springs City Library",66070,1,,,
"Bonner Springs City Library",66071,1,,,
"Bonner Springs City Library",66072,1,,,
"Bonner Springs City Library",66073,2,,,
"Bonner Springs City Library",66086,68,2,,
"Bonner Springs City Library",66102,41,1,,
"Bonner Springs City Library",66103,8,,,
"Bonner Springs City Library",66104,45,,,
"Bonner Springs City Library",66106,36,,,
"Bonner Springs City Library",66109,733,8,4,
"Bonner Springs City Library",66111,1044,14,2,
"Bonner Springs City Library",66112,35,,,
"Bonner Springs City Library",66113,513,2,3,1
"Bonner Springs City Library",66202,6,,,
"Bonner Springs City Library",66203,10,,,
"Bonner Springs City Library",66212,14,,,
"Bonner Springs City Library",66213,7,,1,
"Bonner Springs City Library",66215,15,,,
"Bonner Springs City Library",66216,31,1,,
"Bonner Springs City Library",66218,93,3,1,1
"Bonner Springs City Library",66226,336,8,1,
"Bonner Springs City Library",66227,38,2,,
"Bonner Springs City Library",66401,1,,,
"Bonner Springs City Library",66411,1,,,
"Bonner Springs City Library",66414,1,,,
"Bonner Springs City Library",66427,1,,,
"Bonner Springs City Library",66436,2,,,
"Bonner Springs City Library",66440,1,,,
"Bonner Springs City Library",66441,1,,,
"Bonner Springs City Library",66451,1,,,
"Bonner Springs City Library",66502,1,,,
"Bonner Springs City Library",66503,1,,,
"Bonner Springs City Library",66508,1,,,
"Bonner Springs City Library",66512,1,,,
"Bonner Springs City Library",66521,1,,,
"Bonner Springs City Library",66536,1,,,
"Bonner Springs City Library",66547,2,,,
"Bonner Springs City Library",66548,1,,,
"Bonner Springs City Library",66552,1,,,
"Bonner Springs City Library",66604,1,,,
"Bonner Springs City Library",66607,1,,,
"Bonner Springs City Library",66617,1,,,
"Bonner Springs City Library",66749,2,,,
"Bonner Springs City Library",66801,1,,,
"Bonner Springs City Library",66839,2,,,
"Bonner Springs City Library",66856,1,,,
"Bonner Springs City Library",66871,1,,,
"Bonner Springs City Library",66945,2,,,
"Bonner Springs City Library",67042,4,,,
"Bonner Springs City Library",67401,3,,,
"Bonner Springs City Library",67439,3,,,
"Bonner Springs City Library",67501,1,,,
"Bonner Springs City Library",67530,2,,,
"Bonner Springs City Library",67550,4,,,
"Bonner Springs City Library",67654,3,,,
"Bonner Springs City Library",67701,2,,,
"Bonner Springs City Library",67846,3,,,
"Burlingame Community Library",-,1,,,
"Burlingame Community Library",0,9,,,
"Burlingame Community Library",66047,8,,8,
"Burlingame Community Library",66049,1,,,
"Burlingame Community Library",66402,2,,,
"Burlingame Community Library",66409,1,,,
"Burlingame Community Library",66413,602,11,,
"Burlingame Community Library",66414,7,2,,
"Burlingame Community Library",66431,17,,,
"Burlingame Community Library",66523,17,,,
"Burlingame Community Library",66524,1,,,
"Burlingame Community Library",66528,1,,1,
"Burlingame Community Library",66537,30,,,
"Burlingame Community Library",66546,1,,,
"Burlingame Community Library",66604,1,,,
"Burlingame Community Library",66605,3,,,
"Burlingame Community Library",66610,1,,,
"Burlingame Community Library",66614,2,,,
"Burlingame Community Library",66615,2,,,
"Burlingame Community Library",66617,1,,,
"Carbondale City Library",-,1,,,
"Carbondale City Library",0,2,,,
"Carbondale City Library",66002,1,,,
"Carbondale City Library",66047,8,,8,
"Carbondale City Library",66049,1,,,
"Carbondale City Library",66088,1,,,
"Carbondale City Library",66402,3,,,
"Carbondale City Library",66409,7,,,
"Carbondale City Library",66413,4,,,
"Carbondale City Library",66414,630,12,1,
"Carbondale City Library",66431,1,,,
"Carbondale City Library",66451,1,,,
"Carbondale City Library",66523,1,,,
"Carbondale City Library",66524,18,,,
"Carbondale City Library",66537,106,1,1,
"Carbondale City Library",66543,1,,,
"Carbondale City Library",66546,20,,,
"Carbondale City Library",66547,1,,,
"Carbondale City Library",66604,3,,,
"Carbondale City Library",66605,5,,,
"Carbondale City Library",66606,1,,,
"Carbondale City Library",66608,1,,,
"Carbondale City Library",66609,1,,,
"Carbondale City Library",66610,3,,,
"Carbondale City Library",66611,1,,,
"Carbondale City Library",66614,5,,,
"Carbondale City Library",66615,5,,,
"Carbondale City Library",66616,2,,,
"Carbondale City Library",66617,1,,,
"Carbondale City Library",66619,2,,,
"Carbondale City Library",66839,1,,,
"Carbondale City Library",66856,2,,,
"Centralia Community Library",0,8,3,,
"Centralia Community Library",66047,8,,8,
"Centralia Community Library",66049,1,,,
"Centralia Community Library",66404,3,,,
"Centralia Community Library",66415,226,3,2,
"Centralia Community Library",66417,3,,,
"Centralia Community Library",66428,1,,,
"Centralia Community Library",66451,1,,,
"Centralia Community Library",66521,2,,,
"Centralia Community Library",66538,3,,,
"Centralia Community Library",66544,7,,,
"Corning City Library",0,5,,1,
"Corning City Library",66047,8,,8,
"Corning City Library",66049,1,,,
"Corning City Library",66406,1,,1,
"Corning City Library",66415,4,,,
"Corning City Library",66417,144,2,4,
"Corning City Library",66428,1,,,
"Corning City Library",66432,3,,,
"Corning City Library",66538,2,,,
"Corning City Library",66540,1,,,
"Corning City Library",66544,1,,1,
"Corning City Library",66606,2,,,
"Digital Content",-,20,,,
"Digital Content",66044,3,,,
"Digital Content",66047,9,,8,
"Digital Content",66049,1,,,
"Digital Content",66092,1,,,
"Doniphan County Library - Elwood",-,1,,,
"Doniphan County Library - Elwood",0,3,,,
"Doniphan County Library - Elwood",64485,5,,,
"Doniphan County Library - Elwood",64501,16,2,,
"Doniphan County Library - Elwood",64503,2,,,
"Doniphan County Library - Elwood",64504,4,,,
"Doniphan County Library - Elwood",64505,6,,,
"Doniphan County Library - Elwood",64506,9,,,
"Doniphan County Library - Elwood",64507,4,,,
"Doniphan County Library - Elwood",66002,4,,,
"Doniphan County Library - Elwood",66023,2,1,,
"Doniphan County Library - Elwood",66024,259,3,1,
"Doniphan County Library - Elwood",66035,1,,,
"Doniphan County Library - Elwood",66047,8,,8,
"Doniphan County Library - Elwood",66049,3,,,
"Doniphan County Library - Elwood",66087,3,1,,
"Doniphan County Library - Elwood",66090,108,3,1,
"Doniphan County Library - Highland",-,1,,,
"Doniphan County Library - Highland",0,3,,,
"Doniphan County Library - Highland",64505,1,,,
"Doniphan County Library - Highland",66002,1,,,
"Doniphan County Library - Highland",66008,6,,,
"Doniphan County Library - Highland",66017,23,1,,
"Doniphan County Library - Highland",66035,270,4,1,
"Doniphan County Library - Highland",66041,1,,,
"Doniphan County Library - Highland",66047,8,,8,
"Doniphan County Library - Highland",66049,2,,,
"Doniphan County Library - Highland",66053,1,,,
"Doniphan County Library - Highland",66087,23,1,,
"Doniphan County Library - Highland",66090,2,,,
"Doniphan County Library - Highland",66094,22,,,
"Doniphan County Library - Highland",66109,1,,,
"Doniphan County Library - Highland",66424,1,,,
"Doniphan County Library - Highland",66434,5,,,
"Doniphan County Library - Highland",66439,2,,,
"Doniphan County Library - Highland",66532,25,,,
"Doniphan County Library - Highland",66550,3,,,
"Doniphan County Library - Highland",66617,2,,,
"Doniphan County Library - Troy",-,3,,,
"Doniphan County Library - Troy",0,10,,,
"Doniphan County Library - Troy",64152,1,,,
"Doniphan County Library - Troy",64485,3,,,
"Doniphan County Library - Troy",64501,10,,,
"Doniphan County Library - Troy",64503,5,,,
"Doniphan County Library - Troy",64504,1,,,
"Doniphan County Library - Troy",64505,2,,,
"Doniphan County Library - Troy",64506,3,,,
"Doniphan County Library - Troy",64507,1,,,
"Doniphan County Library - Troy",66002,25,,,
"Doniphan County Library - Troy",66008,42,1,,
"Doniphan County Library - Troy",66017,22,,,
"Doniphan County Library - Troy",66024,6,,,
"Doniphan County Library - Troy",66035,26,,,
"Doniphan County Library - Troy",66041,1,,,
"Doniphan County Library - Troy",66047,8,,8,
"Doniphan County Library - Troy",66049,4,,,
"Doniphan County Library - Troy",66060,1,,,
"Doniphan County Library - Troy",66087,729,14,1,1
"Doniphan County Library - Troy",66090,50,1,,
"Doniphan County Library - Troy",66094,13,,,
"Doniphan County Library - Troy",66106,1,,,
"Doniphan County Library - Troy",66434,5,,,
"Doniphan County Library - Troy",66439,1,,,
"Doniphan County Library - Troy",66532,7,,,
"Doniphan County Library - Troy",66534,1,,,
"Doniphan County Library - Troy",66604,1,,,
"Doniphan County Library - Wathena",-,3,,,
"Doniphan County Library - Wathena",0,4,,,
"Doniphan County Library - Wathena",64485,5,,,
"Doniphan County Library - Wathena",64501,4,,,
"Doniphan County Library - Wathena",64503,1,,,
"Doniphan County Library - Wathena",64504,1,,,
"Doniphan County Library - Wathena",64505,6,,,
"Doniphan County Library - Wathena",64506,1,,,
"Doniphan County Library - Wathena",64507,2,,,
"Doniphan County Library - Wathena",66002,3,,,
"Doniphan County Library - Wathena",66008,1,,,
"Doniphan County Library - Wathena",66017,1,,,
"Doniphan County Library - Wathena",66024,20,,,
"Doniphan County Library - Wathena",66047,8,,8,
"Doniphan County Library - Wathena",66049,3,,,
"Doniphan County Library - Wathena",66087,15,,,
"Doniphan County Library - Wathena",66090,501,10,1,
"Doniphan County Library - Wathena",66508,1,,,
"Doniphan County Library - Wathena",66532,1,,,
"Doniphan County Library - Wathena",66550,1,,,
"Effingham Community Library",-,1,,,
"Effingham Community Library",0,24,2,,
"Effingham Community Library",66002,8,,,
"Effingham Community Library",66007,1,,,
"Effingham Community Library",66016,2,,,
"Effingham Community Library",66023,260,3,1,
"Effingham Community Library",66041,13,,,
"Effingham Community Library",66044,1,,,
"Effingham Community Library",66047,8,,8,
"Effingham Community Library",66049,1,,,
"Effingham Community Library",66058,27,,,
"Effingham Community Library",66060,1,,,
"Effingham Community Library",66088,2,,,
"Effingham Community Library",66111,1,,,
"Effingham Community Library",66424,6,,,
"Effingham Community Library",66436,4,,,
"Effingham Community Library",66439,2,1,,
"Effingham Community Library",66532,1,,,
"Effingham Community Library",66552,2,,,
"Eudora Community Library",-,6,,,
"Eudora Community Library",0,14,1,,
"Eudora Community Library",66002,1,,,
"Eudora Community Library",66006,9,,,
"Eudora Community Library",66012,2,,,
"Eudora Community Library",66018,21,,,
"Eudora Community Library",66021,3,,,
"Eudora Community Library",66025,1746,25,9,
"Eudora Community Library",66026,1,,,
"Eudora Community Library",66030,1,,,
"Eudora Community Library",66032,1,,,
"Eudora Community Library",66044,46,,1,
"Eudora Community Library",66046,60,2,6,
"Eudora Community Library",66047,34,1,9,
"Eudora Community Library",66048,2,,,
"Eudora Community Library",66049,28,,,
"Eudora Community Library",66050,1,,,
"Eudora Community Library",66052,24,,,
"Eudora Community Library",66054,2,,,
"Eudora Community Library",66061,8,,1,
"Eudora Community Library",66062,4,,,
"Eudora Community Library",66067,2,,,
"Eudora Community Library",66073,1,,,
"Eudora Community Library",66086,13,,,
"Eudora Community Library",66092,6,,,
"Eudora Community Library",66106,2,,,
"Eudora Community Library",66109,1,,,
"Eudora Community Library",66111,1,,,
"Eudora Community Library",66202,1,,,
"Eudora Community Library",66212,2,,,
"Eudora Community Library",66215,2,,,
"Eudora Community Library",66226,2,,,
"Eudora Community Library",66227,1,,,
"Eudora Community Library",66402,1,,,
"Eudora Community Library",66502,1,,,
"Eudora Community Library",66524,1,,,
"Eudora Community Library",66604,1,,,
"Eudora Community Library",66611,1,,,
"Eudora Community Library",66615,1,,,
"Eudora Community Library",66618,1,,,
"Eudora Community Library",66801,1,,,
"Eudora Community Library",67654,1,,,
"Eudora Community Library",67701,1,,,
"Everest, Barnes Reading Room",-,1,,,
"Everest, Barnes Reading Room",0,6,,,
"Everest, Barnes Reading Room",66002,2,,,
"Everest, Barnes Reading Room",66041,3,,,
"Everest, Barnes Reading Room",66047,8,,8,
"Everest, Barnes Reading Room",66049,1,,,
"Everest, Barnes Reading Room",66087,1,,,
"Everest, Barnes Reading Room",66424,126,1,,
"Everest, Barnes Reading Room",66434,5,1,,
"Everest, Barnes Reading Room",66439,20,,,
"Everest, Barnes Reading Room",66532,1,,,
"Hiawatha, Morrill Public Library",-,6,1,,
"Hiawatha, Morrill Public Library",0,13,,,
"Hiawatha, Morrill Public Library",64507,1,,,
"Hiawatha, Morrill Public Library",66002,7,,,
"Hiawatha, Morrill Public Library",66006,2,,,
"Hiawatha, Morrill Public Library",66008,2,,,
"Hiawatha, Morrill Public Library",66017,6,,,
"Hiawatha, Morrill Public Library",66023,1,,,
"Hiawatha, Morrill Public Library",66032,1,,,
"Hiawatha, Morrill Public Library",66035,29,,,
"Hiawatha, Morrill Public Library",66040,1,,,
"Hiawatha, Morrill Public Library",66041,1,,,
"Hiawatha, Morrill Public Library",66044,7,,,
"Hiawatha, Morrill Public Library",66047,8,,8,
"Hiawatha, Morrill Public Library",66049,3,,,
"Hiawatha, Morrill Public Library",66053,2,,,
"Hiawatha, Morrill Public Library",66058,3,,,
"Hiawatha, Morrill Public Library",66067,2,,,
"Hiawatha, Morrill Public Library",66071,1,,,
"Hiawatha, Morrill Public Library",66087,12,,,
"Hiawatha, Morrill Public Library",66090,3,,,
"Hiawatha, Morrill Public Library",66094,53,,,
"Hiawatha, Morrill Public Library",66202,1,,,
"Hiawatha, Morrill Public Library",66408,2,,,
"Hiawatha, Morrill Public Library",66411,1,,,
"Hiawatha, Morrill Public Library",66415,1,,,
"Hiawatha, Morrill Public Library",66417,1,,,
"Hiawatha, Morrill Public Library",66419,1,,,
"Hiawatha, Morrill Public Library",66424,24,,,
"Hiawatha, Morrill Public Library",66425,49,2,,
"Hiawatha, Morrill Public Library",66427,1,,,
"Hiawatha, Morrill Public Library",66428,1,,,
"Hiawatha, Morrill Public Library",66432,1,,,
"Hiawatha, Morrill Public Library",66434,1945,41,9,
"Hiawatha, Morrill Public Library",66436,5,,,
"Hiawatha, Morrill Public Library",66439,131,2,,
"Hiawatha, Morrill Public Library",66441,1,,,
"Hiawatha, Morrill Public Library",66451,1,,,
"Hiawatha, Morrill Public Library",66502,1,,,
"Hiawatha, Morrill Public Library",66508,1,,,
"Hiawatha, Morrill Public Library",66515,23,,,
"Hiawatha, Morrill Public Library",66516,1,,,
"Hiawatha, Morrill Public Library",66524,1,,,
"Hiawatha, Morrill Public Library",66527,58,2,,
"Hiawatha, Morrill Public Library",66532,121,2,,
"Hiawatha, Morrill Public Library",66534,20,,,
"Hiawatha, Morrill Public Library",66536,1,,,
"Hiawatha, Morrill Public Library",66538,1,,,
"Hiawatha, Morrill Public Library",66547,2,,,
"Hiawatha, Morrill Public Library",66550,1,,,
"Hiawatha, Morrill Public Library",66552,1,,,
"Hiawatha, Morrill Public Library",66607,2,,,
"Hiawatha, Morrill Public Library",66615,1,,,
"Hiawatha, Morrill Public Library",66749,2,,,
"Hiawatha, Morrill Public Library",66801,1,,,
"Hiawatha, Morrill Public Library",66839,2,,,
"Hiawatha, Morrill Public Library",66871,1,,,
"Hiawatha, Morrill Public Library",67042,1,,,
"Hiawatha, Morrill Public Library",67401,1,,,
"Hiawatha, Morrill Public Library",67439,2,,,
"Hiawatha, Morrill Public Library",67501,1,,,
"Hiawatha, Morrill Public Library",67530,1,,,
"Hiawatha, Morrill Public Library",67550,1,,,
"Hiawatha, Morrill Public Library",67654,1,,,
"Hiawatha, Morrill Public Library",67701,1,,,
"Hiawatha, Morrill Public Library",67846,1,,,
"Hiawatha, Morrill Public Library",68355,17,,1,
"Highland Community College",-,131,1,3,
"Highland Community College",0,278,1,6,1
"Highland Community College",64079,10,,,
"Highland Community College",64152,7,,,
"Highland Community College",64484,8,,,
"Highland Community College",64485,26,,,
"Highland Community College",64501,24,,,
"Highland Community College",64503,49,,,
"Highland Community College",64504,34,,,
"Highland Community College",64505,42,1,1,
"Highland Community College",64506,72,,2,
"Highland Community College",64507,39,,,
"Highland Community College",66002,675,,11,
"Highland Community College",66006,7,,,
"Highland Community College",66007,9,,,
"Highland Community College",66008,23,,,
"Highland Community College",66012,11,,,
"Highland Community College",66016,36,,1,
"Highland Community College",66017,26,,,
"Highland Community College",66018,4,,,
"Highland Community College",66020,44,,,
"Highland Community College",66023,81,,1,
"Highland Community College",66024,41,,,
"Highland Community College",66025,8,,,
"Highland Community College",66027,17,,,
"Highland Community College",66030,9,,1,
"Highland Community College",66032,3,,,
"Highland Community College",66035,132,,2,1
"Highland Community College",66040,1,,,
"Highland Community College",66041,48,,,
"Highland Community College",66043,29,,,
"Highland Community College",66044,37,,2,
"Highland Community College",66046,21,,,
"Highland Community College",66047,38,,10,
"Highland Community College",66048,265,,1,
"Highland Community College",66049,79,,3,
"Highland Community College",66050,38,,,
"Highland Community College",66052,2,,1,
"Highland Community College",66053,7,,,
"Highland Community College",66054,74,,1,
"Highland Community College",66058,17,,,
"Highland Community College",66060,61,,1,
"Highland Community College",66061,25,,1,
"Highland Community College",66062,31,,,
"Highland Community College",66064,5,,,
"Highland Community College",66066,68,,,
"Highland Community College",66067,12,,,
"Highland Community College",66070,83,,1,
"Highland Community College",66071,3,,,
"Highland Community College",66073,62,,1,
"Highland Community College",66079,1,,,
"Highland Community College",66083,7,,,
"Highland Community College",66086,11,,,
"Highland Community College",66087,173,,2,
"Highland Community College",66088,116,,2,
"Highland Community College",66090,177,,1,
"Highland Community College",66094,21,,,
"Highland Community College",66097,46,,,
"Highland Community College",66102,7,,,
"Highland Community College",66103,3,,,
"Highland Community College",66104,22,,,
"Highland Community College",66106,7,,,
"Highland Community College",66109,14,,,
"Highland Community College",66111,5,,,
"Highland Community College",66112,8,,,
"Highland Community College",66202,5,,1,
"Highland Community College",66203,4,,,
"Highland Community College",66212,8,,,
"Highland Community College",66213,11,,,
"Highland Community College",66215,9,,1,
"Highland Community College",66216,3,,,
"Highland Community College",66218,2,,,
"Highland Community College",66226,12,,1,
"Highland Community College",66227,3,,,
"Highland Community College",66401,70,,,
"Highland Community College",66402,14,,,
"Highland Community College",66403,47,,3,
"Highland Community College",66404,34,,1,
"Highland Community College",66406,18,,,
"Highland Community College",66408,23,,,
"Highland Community College",66409,24,,2,
"Highland Community College",66411,47,,1,
"Highland Community College",66413,8,,1,
"Highland Community College",66414,5,,,
"Highland Community College",66415,48,,2,
"Highland Community College",66416,24,,1,
"Highland Community College",66417,37,,,
"Highland Community College",66418,21,,1,
"Highland Community College",66419,22,,2,
"Highland Community College",66422,18,,1,
"Highland Community College",66424,26,,,
"Highland Community College",66425,20,,,
"Highland Community College",66427,84,1,,
"Highland Community College",66428,21,,1,
"Highland Community College",66429,18,,,
"Highland Community College",66431,4,,,
"Highland Community College",66432,18,,1,
"Highland Community College",66434,255,,3,
"Highland Community College",66436,330,,2,
"Highland Community College",66439,131,,3,
"Highland Community College",66440,62,,1,
"Highland Community College",66441,19,,2,
"Highland Community College",66451,1,,,
"Highland Community College",66502,427,,14,
"Highland Community College",66503,120,,4,
"Highland Community College",66507,59,,1,
"Highland Community College",66508,212,,2,
"Highland Community College",66509,76,,,
"Highland Community College",66510,1,,,
"Highland Community College",66512,124,,2,
"Highland Community College",66515,24,,,
"Highland Community College",66516,12,,,
"Highland Community College",66521,88,,2,
"Highland Community College",66523,11,1,,
"Highland Community College",66524,3,,,
"Highland Community College",66526,38,,1,
"Highland Community College",66527,12,,,
"Highland Community College",66532,42,,1,
"Highland Community College",66533,90,,,
"Highland Community College",66534,214,,3,
"Highland Community College",66535,120,,,
"Highland Community College",66536,212,,7,
"Highland Community College",66537,2,,1,
"Highland Community College",66538,188,,5,
"Highland Community College",66539,29,,,
"Highland Community College",66540,20,,,
"Highland Community College",66542,18,,1,
"Highland Community College",66543,3,,,
"Highland Community College",66544,19,,,
"Highland Community College",66546,2,,,
"Highland Community College",66547,467,,14,
"Highland Community College",66548,35,,,
"Highland Community College",66549,48,,,
"Highland Community College",66550,36,,,
"Highland Community College",66552,11,,,
"Highland Community College",66604,112,,6,
"Highland Community College",66605,68,,3,
"Highland Community College",66606,48,,2,
"Highland Community College",66607,25,,,
"Highland Community College",66608,20,,1,
"Highland Community College",66609,26,,4,
"Highland Community College",66610,29,,2,
"Highland Community College",66611,52,,2,
"Highland Community College",66614,152,,2,
"Highland Community College",66615,30,,,
"Highland Community College",66616,23,,,
"Highland Community College",66617,109,,4,
"Highland Community College",66618,82,,1,
"Highland Community College",66619,12,,,
"Highland Community College",66801,9,,,
"Highland Community College",66839,1,,,
"Highland Community College",66856,1,,,
"Highland Community College",66868,2,,,
"Highland Community College",66871,1,,,
"Highland Community College",66945,15,,,
"Highland Community College",67042,1,,,
"Highland Community College",67401,29,,,
"Highland Community College",67501,6,,,
"Highland Community College",67530,1,,,
"Highland Community College",67654,1,,,
"Highland Community College",67701,2,,1,
"Highland Community College",67846,3,,,
"Highland Community College",68355,24,,,
"Holton, Beck-Bookman Library",-,6,,1,
"Holton, Beck-Bookman Library",0,71,,6,
"Holton, Beck-Bookman Library",66002,1,,,
"Holton, Beck-Bookman Library",66006,2,,,
"Holton, Beck-Bookman Library",66012,1,,,
"Holton, Beck-Bookman Library",66017,1,,,
"Holton, Beck-Bookman Library",66023,4,,1,
"Holton, Beck-Bookman Library",66032,1,,,
"Holton, Beck-Bookman Library",66035,3,,,
"Holton, Beck-Bookman Library",66040,2,,,
"Holton, Beck-Bookman Library",66043,1,,,
"Holton, Beck-Bookman Library",66044,1,,,
"Holton, Beck-Bookman Library",66047,8,,8,
"Holton, Beck-Bookman Library",66048,1,,,
"Holton, Beck-Bookman Library",66049,3,,,
"Holton, Beck-Bookman Library",66052,1,,,
"Holton, Beck-Bookman Library",66053,1,,,
"Holton, Beck-Bookman Library",66058,16,,,
"Holton, Beck-Bookman Library",66060,1,,,
"Holton, Beck-Bookman Library",66061,1,,,
"Holton, Beck-Bookman Library",66064,1,,,
"Holton, Beck-Bookman Library",66066,1,,,
"Holton, Beck-Bookman Library",66067,1,,,
"Holton, Beck-Bookman Library",66070,2,,,
"Holton, Beck-Bookman Library",66071,1,,,
"Holton, Beck-Bookman Library",66072,1,,,
"Holton, Beck-Bookman Library",66076,1,,,
"Holton, Beck-Bookman Library",66080,1,,,
"Holton, Beck-Bookman Library",66086,1,,,
"Holton, Beck-Bookman Library",66087,1,,,
"Holton, Beck-Bookman Library",66088,10,,,
"Holton, Beck-Bookman Library",66092,1,,,
"Holton, Beck-Bookman Library",66097,1,,,
"Holton, Beck-Bookman Library",66102,1,,,
"Holton, Beck-Bookman Library",66218,1,,,
"Holton, Beck-Bookman Library",66408,1,,,
"Holton, Beck-Bookman Library",66411,2,,,
"Holton, Beck-Bookman Library",66413,1,,,
"Holton, Beck-Bookman Library",66415,1,,,
"Holton, Beck-Bookman Library",66416,134,4,1,
"Holton, Beck-Bookman Library",66417,4,,,
"Holton, Beck-Bookman Library",66418,29,,,
"Holton, Beck-Bookman Library",66419,103,1,,
"Holton, Beck-Bookman Library",66422,2,,,
"Holton, Beck-Bookman Library",66424,1,,,
"Holton, Beck-Bookman Library",66425,2,,,
"Holton, Beck-Bookman Library",66427,2,,,
"Holton, Beck-Bookman Library",66428,12,,,
"Holton, Beck-Bookman Library",66432,27,,,
"Holton, Beck-Bookman Library",66434,6,,,
"Holton, Beck-Bookman Library",66436,2436,30,8,2
"Holton, Beck-Bookman Library",66439,30,1,,
"Holton, Beck-Bookman Library",66440,121,1,,
"Holton, Beck-Bookman Library",66441,1,,,
"Holton, Beck-Bookman Library",66451,1,,,
"Holton, Beck-Bookman Library",66502,1,,,
"Holton, Beck-Bookman Library",66508,2,,,
"Holton, Beck-Bookman Library",66509,447,3,3,
"Holton, Beck-Bookman Library",66512,2,,,
"Holton, Beck-Bookman Library",66516,64,1,,
"Holton, Beck-Bookman Library",66521,19,,,
"Holton, Beck-Bookman Library",66523,2,,,
"Holton, Beck-Bookman Library",66527,3,,,
"Holton, Beck-Bookman Library",66533,1,1,,
"Holton, Beck-Bookman Library",66534,4,,,
"Holton, Beck-Bookman Library",66536,1,,,
"Holton, Beck-Bookman Library",66540,130,3,,
"Holton, Beck-Bookman Library",66547,2,,,
"Holton, Beck-Bookman Library",66548,1,,,
"Holton, Beck-Bookman Library",66550,39,,,
"Holton, Beck-Bookman Library",66552,59,,,
"Holton, Beck-Bookman Library",66604,5,,,
"Holton, Beck-Bookman Library",66605,1,,,
"Holton, Beck-Bookman Library",66606,3,,,
"Holton, Beck-Bookman Library",66607,5,,,
"Holton, Beck-Bookman Library",66608,4,,,
"Holton, Beck-Bookman Library",66609,2,,,
"Holton, Beck-Bookman Library",66611,3,,,
"Holton, Beck-Bookman Library",66614,8,,1,
"Holton, Beck-Bookman Library",66615,1,,,
"Holton, Beck-Bookman Library",66616,3,,,
"Holton, Beck-Bookman Library",66617,15,,,
"Holton, Beck-Bookman Library",66618,8,,,
"Holton, Beck-Bookman Library",66619,7,,,
"Holton, Beck-Bookman Library",66749,2,,,
"Holton, Beck-Bookman Library",66801,1,,,
"Holton, Beck-Bookman Library",66839,2,,,
"Holton, Beck-Bookman Library",66856,1,,,
"Holton, Beck-Bookman Library",66871,1,,,
"Holton, Beck-Bookman Library",66945,1,,,
"Holton, Beck-Bookman Library",67042,2,,,
"Holton, Beck-Bookman Library",67401,3,,,
"Holton, Beck-Bookman Library",67439,2,,,
"Holton, Beck-Bookman Library",67501,1,,,
"Holton, Beck-Bookman Library",67530,2,,,
"Holton, Beck-Bookman Library",67550,3,,,
"Holton, Beck-Bookman Library",67654,3,,,
"Holton, Beck-Bookman Library",67701,2,,,
"Holton, Beck-Bookman Library",67846,3,,,
"Horton Public Library",-,6,,1,
"Horton Public Library",0,38,1,1,
"Horton Public Library",64507,1,,,
"Horton Public Library",66002,2,,,
"Horton Public Library",66006,1,,,
"Horton Public Library",66007,1,,,
"Horton Public Library",66023,2,,,
"Horton Public Library",66025,1,,,
"Horton Public Library",66032,1,,,
"Horton Public Library",66035,1,,,
"Horton Public Library",66040,2,,,
"Horton Public Library",66041,1,,,
"Horton Public Library",66043,1,,,
"Horton Public Library",66047,8,,8,
"Horton Public Library",66048,1,,,
"Horton Public Library",66049,1,,,
"Horton Public Library",66053,1,,,
"Horton Public Library",66058,19,,,
"Horton Public Library",66061,1,,,
"Horton Public Library",66062,1,,,
"Horton Public Library",66064,1,,,
"Horton Public Library",66066,1,,1,
"Horton Public Library",66067,2,,,
"Horton Public Library",66071,1,,,
"Horton Public Library",66076,1,,,
"Horton Public Library",66080,1,,,
"Horton Public Library",66086,1,,,
"Horton Public Library",66087,1,,,
"Horton Public Library",66088,1,,,
"Horton Public Library",66094,2,,,
"Horton Public Library",66097,1,,,
"Horton Public Library",66403,1,,,
"Horton Public Library",66408,1,,,
"Horton Public Library",66415,1,,,
"Horton Public Library",66424,42,,,
"Horton Public Library",66425,1,,,
"Horton Public Library",66427,1,,,
"Horton Public Library",66428,1,,,
"Horton Public Library",66429,1,,,
"Horton Public Library",66434,33,1,,
"Horton Public Library",66436,5,,,
"Horton Public Library",66439,856,6,1,1
"Horton Public Library",66440,3,,,
"Horton Public Library",66441,1,,,1
"Horton Public Library",66451,1,,,
"Horton Public Library",66502,1,,,
"Horton Public Library",66508,2,,,
"Horton Public Library",66509,1,,,
"Horton Public Library",66515,1,,,
"Horton Public Library",66516,2,,,
"Horton Public Library",66521,1,,,
"Horton Public Library",66527,9,,,
"Horton Public Library",66532,2,,,
"Horton Public Library",66534,1,,,
"Horton Public Library",66536,2,,,
"Horton Public Library",66538,1,,,
"Horton Public Library",66540,1,,,
"Horton Public Library",66547,2,,,
"Horton Public Library",66552,9,,,
"Horton Public Library",66606,1,,,
"Horton Public Library",66749,2,,1,
"Horton Public Library",66801,1,,,
"Horton Public Library",66839,3,,,
"Horton Public Library",66856,1,,,
"Horton Public Library",66871,1,,,
"Horton Public Library",67042,3,,,
"Horton Public Library",67401,1,,,
"Horton Public Library",67439,1,,,
"Horton Public Library",67501,2,,,
"Horton Public Library",67530,2,,,
"Horton Public Library",67550,2,,,
"Horton Public Library",67654,4,,,
"Horton Public Library",67701,3,,,
"Horton Public Library",67846,2,,,
"Lansing Community Library",-,6,,,
"Lansing Community Library",0,7,,,
"Lansing Community Library",64079,2,,,
"Lansing Community Library",66002,2,,,
"Lansing Community Library",66007,19,,,
"Lansing Community Library",66012,2,,,
"Lansing Community Library",66020,8,,,
"Lansing Community Library",66027,48,,,
"Lansing Community Library",66043,2368,53,20,3
"Lansing Community Library",66044,11,,,
"Lansing Community Library",66046,1,,,
"Lansing Community Library",66047,8,,8,
"Lansing Community Library",66048,801,21,11,
"Lansing Community Library",66049,7,,,
"Lansing Community Library",66054,5,,,
"Lansing Community Library",66061,2,,,
"Lansing Community Library",66066,1,,,
"Lansing Community Library",66086,8,,,
"Lansing Community Library",66102,1,,,
"Lansing Community Library",66103,1,,,
"Lansing Community Library",66104,2,,,
"Lansing Community Library",66106,2,,,
"Lansing Community Library",66109,82,1,2,
"Lansing Community Library",66111,6,1,,
"Lansing Community Library",66112,1,,,
"Lansing Community Library",66202,3,,,
"Lansing Community Library",66212,3,,,
"Lansing Community Library",66213,1,,,
"Lansing Community Library",66215,1,,,
"Lansing Community Library",66226,6,,,
"Lansing Community Library",66436,1,,,
"Lansing Community Library",66604,1,,,
"Lansing Community Library",67042,1,,,
"Leavenworth Public Library",-,35,1,1,
"Leavenworth Public Library",0,50,,,
"Leavenworth Public Library",64079,19,,1,
"Leavenworth Public Library",64152,9,,,
"Leavenworth Public Library",64501,4,,,
"Leavenworth Public Library",64503,1,,,
"Leavenworth Public Library",64504,2,,,
"Leavenworth Public Library",64505,1,,,
"Leavenworth Public Library",64506,3,,,
"Leavenworth Public Library",66002,63,,,
"Leavenworth Public Library",66007,47,,,
"Leavenworth Public Library",66012,23,2,,
"Leavenworth Public Library",66016,2,,,
"Leavenworth Public Library",66018,2,,,
"Leavenworth Public Library",66020,296,11,3,
"Leavenworth Public Library",66023,2,,,
"Leavenworth Public Library",66025,1,,,
"Leavenworth Public Library",66026,1,,,
"Leavenworth Public Library",66027,1542,9,20,
"Leavenworth Public Library",66030,5,,,
"Leavenworth Public Library",66041,1,,,
"Leavenworth Public Library",66042,2,,,
"Leavenworth Public Library",66043,954,14,6,1
"Leavenworth Public Library",66044,23,,,
"Leavenworth Public Library",66046,3,,,
"Leavenworth Public Library",66047,16,,8,
"Leavenworth Public Library",66048,12120,213,86,1
"Leavenworth Public Library",66049,9,,,
"Leavenworth Public Library",66052,8,,,
"Leavenworth Public Library",66054,28,1,,
"Leavenworth Public Library",66058,1,,,
"Leavenworth Public Library",66060,4,,,
"Leavenworth Public Library",66061,13,1,,
"Leavenworth Public Library",66062,4,,,
"Leavenworth Public Library",66066,4,,,
"Leavenworth Public Library",66067,3,,,
"Leavenworth Public Library",66070,2,,,
"Leavenworth Public Library",66071,1,,,
"Leavenworth Public Library",66073,3,,,
"Leavenworth Public Library",66083,2,,,
"Leavenworth Public Library",66086,48,,,
"Leavenworth Public Library",66087,3,,,
"Leavenworth Public Library",66088,11,,,
"Leavenworth Public Library",66090,1,,,
"Leavenworth Public Library",66095,1,,,
"Leavenworth Public Library",66097,26,1,1,
"Leavenworth Public Library",66102,7,,,
"Leavenworth Public Library",66103,5,,,
"Leavenworth Public Library",66104,17,,,
"Leavenworth Public Library",66106,3,,,
"Leavenworth Public Library",66109,91,2,1,
"Leavenworth Public Library",66111,7,,,
"Leavenworth Public Library",66112,8,1,1,
"Leavenworth Public Library",66113,3,,,
"Leavenworth Public Library",66202,5,,,
"Leavenworth Public Library",66203,11,,,
"Leavenworth Public Library",66212,17,,,
"Leavenworth Public Library",66215,4,,,
"Leavenworth Public Library",66216,5,,,
"Leavenworth Public Library",66226,9,,,
"Leavenworth Public Library",66227,1,,,
"Leavenworth Public Library",66403,1,,,
"Leavenworth Public Library",66424,1,,,
"Leavenworth Public Library",66427,1,,,
"Leavenworth Public Library",66428,1,,,
"Leavenworth Public Library",66434,1,,,
"Leavenworth Public Library",66436,1,,,
"Leavenworth Public Library",66439,1,,,
"Leavenworth Public Library",66440,1,,,
"Leavenworth Public Library",66502,4,,,
"Leavenworth Public Library",66508,1,,,
"Leavenworth Public Library",66524,1,,,
"Leavenworth Public Library",66532,1,,,
"Leavenworth Public Library",66535,1,,,
"Leavenworth Public Library",66539,1,,,
"Leavenworth Public Library",66604,5,,,
"Leavenworth Public Library",66606,2,,,
"Leavenworth Public Library",66607,1,,,
"Leavenworth Public Library",66608,1,,,
"Leavenworth Public Library",66615,2,,,
"Leavenworth Public Library",66617,3,,,
"Leavenworth Public Library",66618,1,,,
"Leavenworth Public Library",66749,1,,,
"Leavenworth Public Library",66801,2,,,
"Leavenworth Public Library",66839,1,,,
"Leavenworth Public Library",67042,1,,,
"Leavenworth Public Library",67401,1,,,
"Linwood Community Library",-,1,,,
"Linwood Community Library",0,20,,,
"Linwood Community Library",66007,2,,,
"Linwood Community Library",66012,33,,,
"Linwood Community Library",66018,18,1,,
"Linwood Community Library",66020,1,,,
"Linwood Community Library",66025,12,,1,
"Linwood Community Library",66030,2,,,
"Linwood Community Library",66044,43,,,
"Linwood Community Library",66046,5,,,
"Linwood Community Library",66047,10,,8,
"Linwood Community Library",66049,11,,,
"Linwood Community Library",66052,500,16,2,
"Linwood Community Library",66053,1,,,
"Linwood Community Library",66061,1,,,
"Linwood Community Library",66062,1,,,
"Linwood Community Library",66067,2,,,
"Linwood Community Library",66073,3,,,
"Linwood Community Library",66086,13,,,
"Linwood Community Library",66097,1,,,
"Linwood Community Library",66102,1,,,
"Linwood Community Library",66103,2,,,
"Linwood Community Library",66112,1,,,
"Linwood Community Library",66212,2,,,
"Linwood Community Library",66216,1,,,
"Linwood Community Library",66409,1,,,
"Linwood Community Library",66617,1,,,
"Louisburg Library",-,1,,,
"Louisburg Library",0,652,1,8,2
"Louisburg Library",66044,1,,,
"Louisburg Library",66047,8,,8,
"Louisburg Library",66049,1,,,
"Louisburg Library",66053,39,,,
"Louisburg Library",66062,1,,1,
"Louisburg Library",66071,1,,,
"Lyndon Carnegie Library",-,3,,,
"Lyndon Carnegie Library",0,12,,1,
"Lyndon Carnegie Library",66044,2,,,
"Lyndon Carnegie Library",66047,9,,8,
"Lyndon Carnegie Library",66049,1,,,
"Lyndon Carnegie Library",66052,1,,,
"Lyndon Carnegie Library",66053,1,,,
"Lyndon Carnegie Library",66054,1,,,
"Lyndon Carnegie Library",66067,5,,,
"Lyndon Carnegie Library",66076,3,,,
"Lyndon Carnegie Library",66078,1,,,
"Lyndon Carnegie Library",66103,1,,,
"Lyndon Carnegie Library",66104,1,,,
"Lyndon Carnegie Library",66212,2,,,
"Lyndon Carnegie Library",66215,1,,,
"Lyndon Carnegie Library",66409,1,,,
"Lyndon Carnegie Library",66413,1,,,
"Lyndon Carnegie Library",66414,16,,,
"Lyndon Carnegie Library",66436,1,,,
"Lyndon Carnegie Library",66451,644,9,4,1
"Lyndon Carnegie Library",66510,72,,2,
"Lyndon Carnegie Library",66523,19,,,
"Lyndon Carnegie Library",66524,3,,,
"Lyndon Carnegie Library",66528,18,,,
"Lyndon Carnegie Library",66535,1,,,
"Lyndon Carnegie Library",66537,32,1,,
"Lyndon Carnegie Library",66540,1,,,
"Lyndon Carnegie Library",66543,120,6,1,
"Lyndon Carnegie Library",66547,1,,,
"Lyndon Carnegie Library",66604,2,,,
"Lyndon Carnegie Library",66611,1,,,
"Lyndon Carnegie Library",66614,2,1,,
"Lyndon Carnegie Library",66615,1,,,
"Lyndon Carnegie Library",66616,1,,,
"Lyndon Carnegie Library",66619,1,,,
"Lyndon Carnegie Library",66749,1,,,
"Lyndon Carnegie Library",66801,3,,,
"Lyndon Carnegie Library",66839,2,,,
"Lyndon Carnegie Library",66856,19,,,
"Lyndon Carnegie Library",66868,1,,,
"Lyndon Carnegie Library",66871,2,,,
"Lyndon Carnegie Library",67042,1,,,
"Lyndon Carnegie Library",67401,1,,,
"Lyndon Carnegie Library",67654,1,,,
"Lyndon Carnegie Library",67701,1,,,
"McLouth Public Library",-,1,,,
"McLouth Public Library",0,4,,,
"McLouth Public Library",64501,1,,,
"McLouth Public Library",66040,1,,,
"McLouth Public Library",66043,2,,,
"McLouth Public Library",66044,4,,,
"McLouth Public Library",66047,8,,8,
"McLouth Public Library",66048,5,,,
"McLouth Public Library",66049,1,,,
"McLouth Public Library",66054,580,5,6,
"McLouth Public Library",66060,2,,,
"McLouth Public Library",66066,11,,,
"McLouth Public Library",66070,7,1,,
"McLouth Public Library",66086,9,,,
"McLouth Public Library",66097,3,,,
"McLouth Public Library",66103,1,,,
"McLouth Public Library",66109,2,,,
"McLouth Public Library",66111,1,,,
"McLouth Public Library",66509,1,,,
"McLouth Public Library",66604,1,,,
"Meriden-Ozawkie Public Library",-,6,,,
"Meriden-Ozawkie Public Library",0,11,,,
"Meriden-Ozawkie Public Library",66002,1,,,
"Meriden-Ozawkie Public Library",66006,1,,,
"Meriden-Ozawkie Public Library",66044,3,,,
"Meriden-Ozawkie Public Library",66047,11,,8,
"Meriden-Ozawkie Public Library",66049,4,,,
"Meriden-Ozawkie Public Library",66050,2,,,
"Meriden-Ozawkie Public Library",66052,1,,,
"Meriden-Ozawkie Public Library",66054,3,1,,
"Meriden-Ozawkie Public Library",66060,2,,,
"Meriden-Ozawkie Public Library",66064,3,,,
"Meriden-Ozawkie Public Library",66066,21,,,
"Meriden-Ozawkie Public Library",66070,395,3,2,
"Meriden-Ozawkie Public Library",66073,9,,,
"Meriden-Ozawkie Public Library",66086,2,,,
"Meriden-Ozawkie Public Library",66088,76,5,,
"Meriden-Ozawkie Public Library",66102,1,,,
"Meriden-Ozawkie Public Library",66226,1,,,
"Meriden-Ozawkie Public Library",66402,1,,,
"Meriden-Ozawkie Public Library",66409,2,,,
"Meriden-Ozawkie Public Library",66413,1,,,
"Meriden-Ozawkie Public Library",66418,1,,,
"Meriden-Ozawkie Public Library",66424,1,,,
"Meriden-Ozawkie Public Library",66429,24,,,
"Meriden-Ozawkie Public Library",66436,3,,,
"Meriden-Ozawkie Public Library",66440,28,,,
"Meriden-Ozawkie Public Library",66451,2,,,
"Meriden-Ozawkie Public Library",66502,2,,,
"Meriden-Ozawkie Public Library",66509,4,,,
"Meriden-Ozawkie Public Library",66512,1035,12,4,
"Meriden-Ozawkie Public Library",66521,2,,,
"Meriden-Ozawkie Public Library",66523,1,,,
"Meriden-Ozawkie Public Library",66533,1,,,
"Meriden-Ozawkie Public Library",66539,5,,,
"Meriden-Ozawkie Public Library",66540,1,,,
"Meriden-Ozawkie Public Library",66542,3,,,
"Meriden-Ozawkie Public Library",66546,3,,,
"Meriden-Ozawkie Public Library",66604,16,,,
"Meriden-Ozawkie Public Library",66605,1,,,
"Meriden-Ozawkie Public Library",66606,8,,,
"Meriden-Ozawkie Public Library",66607,4,,,
"Meriden-Ozawkie Public Library",66608,10,1,,
"Meriden-Ozawkie Public Library",66609,3,,,
"Meriden-Ozawkie Public Library",66610,2,,,
"Meriden-Ozawkie Public Library",66611,1,,,
"Meriden-Ozawkie Public Library",66614,9,,,
"Meriden-Ozawkie Public Library",66615,4,,,
"Meriden-Ozawkie Public Library",66616,6,,1,
"Meriden-Ozawkie Public Library",66617,168,2,,
"Meriden-Ozawkie Public Library",66618,26,,,
"Meriden-Ozawkie Public Library",66856,1,,,
"Northeast Kansas Library System",-,16,,2,
"Northeast Kansas Library System",0,39,1,,
"Northeast Kansas Library System",66002,1,,,
"Northeast Kansas Library System",66006,1,,,
"Northeast Kansas Library System",66044,26,1,,
"Northeast Kansas Library System",66047,18,,8,
"Northeast Kansas Library System",66048,3,,,
"Northeast Kansas Library System",66049,84,1,,
"Northeast Kansas Library System",66054,1,,,
"Northeast Kansas Library System",66060,1,,,
"Northeast Kansas Library System",66061,2,,,
"Northeast Kansas Library System",66086,2,,,
"Northeast Kansas Library System",66092,1,,,
"Northeast Kansas Library System",66112,1,,,
"Northeast Kansas Library System",66212,1,,,
"Northeast Kansas Library System",66403,1,,,
"Northeast Kansas Library System",66413,1,,,
"Northeast Kansas Library System",66436,1,,,
"Northeast Kansas Library System",66534,1,,,
"Northeast Kansas Library System",66604,2,,,
"Northeast Kansas Library System",66606,1,,,
"Northeast Kansas Library System",66618,1,,,
"Northeast Kansas Library System",67530,1,,,
"Nortonville Public Library",-,1,,,
"Nortonville Public Library",0,12,,,
"Nortonville Public Library",64507,3,,,
"Nortonville Public Library",66002,27,,,
"Nortonville Public Library",66016,11,,,
"Nortonville Public Library",66023,8,,,
"Nortonville Public Library",66024,2,,,
"Nortonville Public Library",66047,8,,8,
"Nortonville Public Library",66048,1,,,
"Nortonville Public Library",66049,1,,,
"Nortonville Public Library",66054,2,,,
"Nortonville Public Library",66060,416,3,2,
"Nortonville Public Library",66066,5,,,
"Nortonville Public Library",66070,1,,,
"Nortonville Public Library",66088,21,1,,
"Nortonville Public Library",66097,15,1,,
"Nortonville Public Library",66111,1,,,
"Nortonville Public Library",66414,1,,,
"Nortonville Public Library",66424,1,,,
"Nortonville Public Library",66439,1,,,
"Nortonville Public Library",66512,1,,,
"Nortonville Public Library",66537,2,,,
"Nortonville Public Library",66543,1,,,
"Nortonville Public Library",66611,1,,,
"Nortonville Public Library",66614,1,,,
"Osage City Library",-,25,,,
"Osage City Library",0,24,1,1,
"Osage City Library",66032,2,,,
"Osage City Library",66047,8,,8,
"Osage City Library",66049,1,,,
"Osage City Library",66067,3,,,
"Osage City Library",66076,1,,,
"Osage City Library",66080,2,,,
"Osage City Library",66092,1,,,
"Osage City Library",66112,1,,,
"Osage City Library",66402,3,,,
"Osage City Library",66413,76,,,
"Osage City Library",66414,4,1,1,
"Osage City Library",66431,5,,,
"Osage City Library",66451,49,2,,
"Osage City Library",66510,16,,,
"Osage City Library",66523,1769,29,9,
"Osage City Library",66524,3,,,
"Osage City Library",66528,7,1,,
"Osage City Library",66533,1,,,
"Osage City Library",66537,24,1,,
"Osage City Library",66543,21,,,
"Osage City Library",66604,1,,,
"Osage City Library",66606,1,,,
"Osage City Library",66610,1,,,
"Osage City Library",66611,2,,,
"Osage City Library",66614,5,,,
"Osage City Library",66616,1,,,
"Osage City Library",66617,6,,,
"Osage City Library",66801,10,,,
"Osage City Library",66839,1,,,
"Osage City Library",66856,17,,,
"Osage City Library",66868,58,,2,
"Osage City Library",66871,3,,,
"Osawatomie Public Library",-,15,,1,
"Osawatomie Public Library",0,63,1,1,
"Osawatomie Public Library",66002,1,,,
"Osawatomie Public Library",66006,3,,,
"Osawatomie Public Library",66007,1,,,
"Osawatomie Public Library",66012,1,,,
"Osawatomie Public Library",66025,1,,,
"Osawatomie Public Library",66026,35,,,
"Osawatomie Public Library",66030,5,1,,
"Osawatomie Public Library",66032,7,,,
"Osawatomie Public Library",66033,17,,,
"Osawatomie Public Library",66035,1,,,
"Osawatomie Public Library",66040,17,,,
"Osawatomie Public Library",66042,85,5,,
"Osawatomie Public Library",66043,1,,,
"Osawatomie Public Library",66044,1,,,
"Osawatomie Public Library",66047,8,,8,
"Osawatomie Public Library",66048,4,,,
"Osawatomie Public Library",66049,1,,,
"Osawatomie Public Library",66052,1,,,
"Osawatomie Public Library",66053,13,2,,
"Osawatomie Public Library",66054,2,,,
"Osawatomie Public Library",66061,3,,,
"Osawatomie Public Library",66062,3,,,
"Osawatomie Public Library",66064,2030,20,15,
"Osawatomie Public Library",66067,10,,,
"Osawatomie Public Library",66071,224,4,1,
"Osawatomie Public Library",66072,39,3,,
"Osawatomie Public Library",66076,1,,,
"Osawatomie Public Library",66078,1,,,
"Osawatomie Public Library",66079,8,,,
"Osawatomie Public Library",66080,1,,,
"Osawatomie Public Library",66083,5,,,
"Osawatomie Public Library",66086,3,,,
"Osawatomie Public Library",66087,1,,,
"Osawatomie Public Library",66088,1,,,
"Osawatomie Public Library",66092,1,,,
"Osawatomie Public Library",66095,1,,,
"Osawatomie Public Library",66109,1,,,
"Osawatomie Public Library",66212,1,,,
"Osawatomie Public Library",66215,1,,,
"Osawatomie Public Library",66401,1,,,
"Osawatomie Public Library",66411,2,,,
"Osawatomie Public Library",66415,1,,,
"Osawatomie Public Library",66427,1,,,
"Osawatomie Public Library",66434,1,,,
"Osawatomie Public Library",66436,3,,,
"Osawatomie Public Library",66439,1,,,
"Osawatomie Public Library",66440,1,,,
"Osawatomie Public Library",66441,1,,,
"Osawatomie Public Library",66451,3,,,
"Osawatomie Public Library",66502,1,,,
"Osawatomie Public Library",66508,1,,,
"Osawatomie Public Library",66512,3,,,
"Osawatomie Public Library",66521,1,,,
"Osawatomie Public Library",66523,2,,,
"Osawatomie Public Library",66533,2,,,
"Osawatomie Public Library",66534,1,,,
"Osawatomie Public Library",66536,2,,,
"Osawatomie Public Library",66538,1,,,
"Osawatomie Public Library",66539,1,,,
"Osawatomie Public Library",66547,1,,,
"Osawatomie Public Library",66548,1,,,
"Osawatomie Public Library",66550,1,,,
"Osawatomie Public Library",66606,1,,,
"Osawatomie Public Library",66607,1,,,
"Osawatomie Public Library",66609,1,,,
"Osawatomie Public Library",66617,1,,,
"Osawatomie Public Library",66749,3,,,
"Osawatomie Public Library",66801,1,,,
"Osawatomie Public Library",66839,3,,,
"Osawatomie Public Library",66871,1,,,
"Osawatomie Public Library",66945,1,,,
"Osawatomie Public Library",67042,1,,,
"Osawatomie Public Library",67401,1,,,
"Osawatomie Public Library",67439,4,,,
"Osawatomie Public Library",67501,1,,,
"Osawatomie Public Library",67530,5,,,
"Osawatomie Public Library",67550,3,,,
"Osawatomie Public Library",67654,3,,,
"Osawatomie Public Library",67701,2,,,
"Osawatomie Public Library",67846,2,,,
"Oskaloosa Public Library",-,3,1,,
"Oskaloosa Public Library",0,9,,,
"Oskaloosa Public Library",66002,4,,,
"Oskaloosa Public Library",66020,1,,,
"Oskaloosa Public Library",66023,1,,,
"Oskaloosa Public Library",66025,1,,,
"Oskaloosa Public Library",66040,1,,,
"Oskaloosa Public Library",66044,8,,,
"Oskaloosa Public Library",66046,2,,,
"Oskaloosa Public Library",66047,10,,8,
"Oskaloosa Public Library",66048,1,,,
"Oskaloosa Public Library",66049,5,,,
"Oskaloosa Public Library",66050,5,,,
"Oskaloosa Public Library",66052,1,,,
"Oskaloosa Public Library",66054,61,4,1,
"Oskaloosa Public Library",66060,4,,,
"Oskaloosa Public Library",66061,1,,,
"Oskaloosa Public Library",66066,891,9,3,
"Oskaloosa Public Library",66070,140,7,,
"Oskaloosa Public Library",66073,54,1,,
"Oskaloosa Public Library",66086,2,,,
"Oskaloosa Public Library",66088,20,,,
"Oskaloosa Public Library",66097,14,1,,
"Oskaloosa Public Library",66113,1,,,
"Oskaloosa Public Library",66419,1,,,
"Oskaloosa Public Library",66436,1,,,
"Oskaloosa Public Library",66439,1,,,
"Oskaloosa Public Library",66502,1,,,
"Oskaloosa Public Library",66512,8,,,
"Oskaloosa Public Library",66523,1,,,
"Oskaloosa Public Library",66606,1,,,
"Oskaloosa Public Library",66617,3,,,
"Ottawa Library",-,10,1,1,
"Ottawa Library",0,25,,,
"Ottawa Library",66002,2,,,
"Ottawa Library",66006,65,1,,
"Ottawa Library",66012,3,,,
"Ottawa Library",66018,2,,,
"Ottawa Library",66020,1,,,
"Ottawa Library",66021,7,,,
"Ottawa Library",66025,10,,,
"Ottawa Library",66030,17,,,
"Ottawa Library",66032,107,5,2,
"Ottawa Library",66033,12,1,,
"Ottawa Library",66035,1,,,
"Ottawa Library",66040,6,,,
"Ottawa Library",66042,20,2,,
"Ottawa Library",66043,1,,,
"Ottawa Library",66044,25,,,
"Ottawa Library",66046,21,,,
"Ottawa Library",66047,14,,8,
"Ottawa Library",66048,2,,,
"Ottawa Library",66049,15,,1,
"Ottawa Library",66053,2,,,
"Ottawa Library",66061,11,,,
"Ottawa Library",66062,8,,,
"Ottawa Library",66064,15,,,
"Ottawa Library",66066,2,,,
"Ottawa Library",66067,6960,118,45,4
"Ottawa Library",66071,22,,,
"Ottawa Library",66072,6,1,,
"Ottawa Library",66073,2,,,
"Ottawa Library",66076,490,9,1,
"Ottawa Library",66078,212,5,4,
"Ottawa Library",66079,146,7,1,
"Ottawa Library",66080,136,,1,
"Ottawa Library",66083,6,,,
"Ottawa Library",66087,1,,,
"Ottawa Library",66088,1,,,
"Ottawa Library",66092,155,5,2,
"Ottawa Library",66095,171,10,,1
"Ottawa Library",66102,2,,,
"Ottawa Library",66103,1,,,
"Ottawa Library",66106,1,,,
"Ottawa Library",66109,1,,,
"Ottawa Library",66111,1,,,
"Ottawa Library",66112,1,,,
"Ottawa Library",66113,1,,,
"Ottawa Library",66212,1,,1,
"Ottawa Library",66213,2,,,
"Ottawa Library",66215,2,,,
"Ottawa Library",66216,1,,,
"Ottawa Library",66401,1,,,
"Ottawa Library",66411,2,,,
"Ottawa Library",66413,1,,,
"Ottawa Library",66414,3,,,
"Ottawa Library",66427,1,,,
"Ottawa Library",66434,1,,,
"Ottawa Library",66436,2,,,
"Ottawa Library",66439,1,,,
"Ottawa Library",66441,1,,,
"Ottawa Library",66451,24,2,,
"Ottawa Library",66502,1,,,
"Ottawa Library",66508,2,,,
"Ottawa Library",66510,20,2,,
"Ottawa Library",66512,1,,,
"Ottawa Library",66521,1,,,
"Ottawa Library",66523,15,,,
"Ottawa Library",66524,9,2,,
"Ottawa Library",66528,108,1,,
"Ottawa Library",66533,2,,,
"Ottawa Library",66536,2,,,
"Ottawa Library",66537,7,,,
"Ottawa Library",66542,1,,,
"Ottawa Library",66543,38,,,
"Ottawa Library",66547,3,,,
"Ottawa Library",66548,1,,,
"Ottawa Library",66549,1,,,
"Ottawa Library",66604,1,,,
"Ottawa Library",66607,3,,,
"Ottawa Library",66608,1,,,
"Ottawa Library",66614,3,,,
"Ottawa Library",66617,4,,,
"Ottawa Library",66749,6,,,
"Ottawa Library",66801,3,,,
"Ottawa Library",66839,10,,,
"Ottawa Library",66856,7,,,
"Ottawa Library",66871,27,,,
"Ottawa Library",66945,1,,,
"Ottawa Library",67042,3,,,
"Ottawa Library",67401,3,,,
"Ottawa Library",67439,5,,,
"Ottawa Library",67501,6,,,
"Ottawa Library",67530,4,,,
"Ottawa Library",67550,3,,,
"Ottawa Library",67654,4,,,
"Ottawa Library",67701,2,,,
"Ottawa Library",67846,3,,,
"Overbrook Public Library",-,3,,,
"Overbrook Public Library",0,7,,,
"Overbrook Public Library",66006,4,,,
"Overbrook Public Library",66044,4,,,
"Overbrook Public Library",66046,6,1,,
"Overbrook Public Library",66047,20,1,8,
"Overbrook Public Library",66049,2,,1,
"Overbrook Public Library",66050,1,1,,
"Overbrook Public Library",66061,1,,,
"Overbrook Public Library",66067,7,1,,
"Overbrook Public Library",66071,1,,,
"Overbrook Public Library",66076,16,,,
"Overbrook Public Library",66078,1,,,
"Overbrook Public Library",66086,1,,,
"Overbrook Public Library",66092,1,,,
"Overbrook Public Library",66212,3,,,
"Overbrook Public Library",66409,25,,2,
"Overbrook Public Library",66413,6,,,
"Overbrook Public Library",66414,84,2,,
"Overbrook Public Library",66451,1,,,
"Overbrook Public Library",66510,2,,,
"Overbrook Public Library",66523,2,,,
"Overbrook Public Library",66524,874,15,4,
"Overbrook Public Library",66528,62,,1,
"Overbrook Public Library",66534,1,,,
"Overbrook Public Library",66537,69,,,
"Overbrook Public Library",66542,6,,,
"Overbrook Public Library",66543,5,,,
"Overbrook Public Library",66546,7,,,
"Overbrook Public Library",66604,1,,,
"Overbrook Public Library",66605,2,,,
"Overbrook Public Library",66606,2,,,
"Overbrook Public Library",66608,1,,,
"Overbrook Public Library",66610,2,,,
"Overbrook Public Library",66611,1,,,
"Overbrook Public Library",66614,8,,,
"Overbrook Public Library",66615,1,,,
"Overbrook Public Library",66617,1,,,
"Overbrook Public Library",66619,2,,,
"Overbrook Public Library",67401,1,,,
"Paola Free Library",-,49,1,,
"Paola Free Library",0,36,,,
"Paola Free Library",66002,2,,,
"Paola Free Library",66006,3,,,
"Paola Free Library",66007,1,,,
"Paola Free Library",66012,4,,,
"Paola Free Library",66018,1,,,
"Paola Free Library",66021,2,,,
"Paola Free Library",66023,1,,,
"Paola Free Library",66025,1,,,
"Paola Free Library",66026,77,,,
"Paola Free Library",66030,18,,,
"Paola Free Library",66032,14,,,
"Paola Free Library",66033,13,,,
"Paola Free Library",66035,1,,,
"Paola Free Library",66040,56,,,
"Paola Free Library",66042,15,2,1,
"Paola Free Library",66043,2,,,
"Paola Free Library",66044,5,,,
"Paola Free Library",66046,1,,,
"Paola Free Library",66047,9,,8,
"Paola Free Library",66048,4,,,
"Paola Free Library",66049,6,1,,
"Paola Free Library",66052,2,,,
"Paola Free Library",66053,84,,2,
"Paola Free Library",66054,2,,,
"Paola Free Library",66060,1,,,
"Paola Free Library",66061,16,,,
"Paola Free Library",66062,16,,,
"Paola Free Library",66064,335,7,1,1
"Paola Free Library",66066,1,,,
"Paola Free Library",66067,15,,,
"Paola Free Library",66070,2,,,
"Paola Free Library",66071,4134,61,23,2
"Paola Free Library",66072,36,2,1,
"Paola Free Library",66073,1,,,
"Paola Free Library",66076,1,,,
"Paola Free Library",66078,1,,,
"Paola Free Library",66079,11,,,
"Paola Free Library",66080,1,,,
"Paola Free Library",66083,85,1,,
"Paola Free Library",66086,1,,,
"Paola Free Library",66087,3,,,
"Paola Free Library",66088,2,,,
"Paola Free Library",66090,1,,,
"Paola Free Library",66092,19,1,,
"Paola Free Library",66095,1,,,
"Paola Free Library",66097,1,,,
"Paola Free Library",66102,1,,,
"Paola Free Library",66103,1,,,
"Paola Free Library",66109,2,,,
"Paola Free Library",66202,1,,,
"Paola Free Library",66212,10,,,
"Paola Free Library",66215,1,,,
"Paola Free Library",66226,1,,,
"Paola Free Library",66227,1,,,
"Paola Free Library",66401,1,,,
"Paola Free Library",66408,1,,,
"Paola Free Library",66411,1,,,
"Paola Free Library",66413,1,,,
"Paola Free Library",66414,1,,,
"Paola Free Library",66415,1,,,
"Paola Free Library",66417,1,,,
"Paola Free Library",66427,1,,,
"Paola Free Library",66434,1,,,
"Paola Free Library",66436,3,,,
"Paola Free Library",66439,2,,,
"Paola Free Library",66440,1,,,
"Paola Free Library",66441,1,,,
"Paola Free Library",66451,3,,,
"Paola Free Library",66502,1,,,
"Paola Free Library",66508,2,,,
"Paola Free Library",66510,2,,,
"Paola Free Library",66512,2,,,
"Paola Free Library",66521,1,,,
"Paola Free Library",66523,1,,,
"Paola Free Library",66524,1,,,
"Paola Free Library",66526,1,,,
"Paola Free Library",66533,1,,,
"Paola Free Library",66534,1,,,
"Paola Free Library",66536,2,,,
"Paola Free Library",66538,2,,,
"Paola Free Library",66539,2,,,
"Paola Free Library",66547,2,,,
"Paola Free Library",66548,1,,,
"Paola Free Library",66550,1,,,
"Paola Free Library",66606,2,,,
"Paola Free Library",66607,2,,,
"Paola Free Library",66608,1,,,
"Paola Free Library",66611,1,,,
"Paola Free Library",66617,2,,,
"Paola Free Library",66618,1,,,
"Paola Free Library",66749,2,,,
"Paola Free Library",66801,4,,,
"Paola Free Library",66839,3,,,
"Paola Free Library",66856,1,,,
"Paola Free Library",66871,1,,,
"Paola Free Library",66945,1,,,
"Paola Free Library",67042,4,,,
"Paola Free Library",67401,2,,,
"Paola Free Library",67439,3,,,
"Paola Free Library",67501,4,,,
"Paola Free Library",67530,5,,,
"Paola Free Library",67550,5,,,
"Paola Free Library",67654,4,,,
"Paola Free Library",67701,3,,,
"Paola Free Library",67846,3,,,
"Perry-Lecompton Community Library",-,1,,,
"Perry-Lecompton Community Library",0,2,,,
"Perry-Lecompton Community Library",66044,8,,,
"Perry-Lecompton Community Library",66047,12,,8,
"Perry-Lecompton Community Library",66049,6,,,
"Perry-Lecompton Community Library",66050,53,,1,
"Perry-Lecompton Community Library",66060,1,,,
"Perry-Lecompton Community Library",66066,9,,,
"Perry-Lecompton Community Library",66070,16,,,
"Perry-Lecompton Community Library",66073,179,2,1,
"Perry-Lecompton Community Library",66088,2,,,
"Perry-Lecompton Community Library",66409,1,,,
"Perry-Lecompton Community Library",66429,10,,,
"Perry-Lecompton Community Library",66512,1,,,
"Perry-Lecompton Community Library",66542,1,,,
"Perry-Lecompton Community Library",66605,1,,,
"Perry-Lecompton Community Library",66606,1,,,
"Perry-Lecompton Community Library",66607,1,,,
"Perry-Lecompton Community Library",66617,3,,,
"Pomona Community Library",-,1,,,
"Pomona Community Library",0,27,,,
"Pomona Community Library",66007,1,,,
"Pomona Community Library",66047,8,,8,
"Pomona Community Library",66049,1,,,
"Pomona Community Library",66067,31,,,
"Pomona Community Library",66076,317,,1,
"Pomona Community Library",66095,11,,,
"Pomona Community Library",66510,3,1,,
"Pomona Community Library",66523,1,,,
"Pomona Community Library",66524,9,,,
"Pomona Community Library",66528,33,,,
"Pomona Community Library",66537,1,,,
"Pomona Community Library",66543,5,,,
"Pomona Community Library",66801,2,,,
"Pomona Community Library",66871,2,,,
"Prairie Hills Schools - Axtell Public School",0,28,,3,
"Prairie Hills Schools - Axtell Public School",66047,8,,8,
"Prairie Hills Schools - Axtell Public School",66049,2,,,
"Prairie Hills Schools - Axtell Public School",66403,244,,1,
"Prairie Hills Schools - Sabetha Elementary School",0,19,,1,
"Prairie Hills Schools - Sabetha Elementary School",66047,8,,8,
"Prairie Hills Schools - Sabetha Elementary School",66049,1,,,
"Prairie Hills Schools - Sabetha Elementary School",66534,532,,3,
"Prairie Hills Schools - Sabetha High School",-,1,,,
"Prairie Hills Schools - Sabetha High School",0,11,,,
"Prairie Hills Schools - Sabetha High School",66047,8,,8,
"Prairie Hills Schools - Sabetha High School",66049,1,,,
"Prairie Hills Schools - Sabetha High School",66534,352,,,
"Prairie Hills Schools - Sabetha High School",66550,1,,,
"Prairie Hills Schools - Sabetha Middle School",0,7,,,
"Prairie Hills Schools - Sabetha Middle School",66047,8,,8,
"Prairie Hills Schools - Sabetha Middle School",66049,1,,,
"Prairie Hills Schools - Sabetha Middle School",66403,15,,,
"Prairie Hills Schools - Sabetha Middle School",66534,220,1,1,
"Richmond Public Library",-,1,,,
"Richmond Public Library",0,1,,,
"Richmond Public Library",64152,1,,,
"Richmond Public Library",66032,14,,,
"Richmond Public Library",66033,1,,,
"Richmond Public Library",66042,1,,,
"Richmond Public Library",66047,8,,8,
"Richmond Public Library",66049,1,,,
"Richmond Public Library",66064,2,1,,
"Richmond Public Library",66067,6,,,
"Richmond Public Library",66076,1,,,
"Richmond Public Library",66078,14,1,1,
"Richmond Public Library",66079,1,,,
"Richmond Public Library",66080,196,7,,
"Richmond Public Library",66095,4,1,,
"Richmond Public Library",66508,1,,,
"Richmond Public Library",66532,1,,,
"Richmond Public Library",66544,1,,,
"Rossville Community Library",-,4,,,
"Rossville Community Library",0,6,1,,
"Rossville Community Library",66044,2,1,,
"Rossville Community Library",66047,8,,8,
"Rossville Community Library",66049,1,,,
"Rossville Community Library",66062,1,,,
"Rossville Community Library",66088,1,,,
"Rossville Community Library",66401,1,,,
"Rossville Community Library",66402,3,1,,
"Rossville Community Library",66409,1,,,
"Rossville Community Library",66413,2,,,
"Rossville Community Library",66417,1,,,
"Rossville Community Library",66418,108,4,,
"Rossville Community Library",66422,12,,,
"Rossville Community Library",66431,2,,,
"Rossville Community Library",66507,108,5,,
"Rossville Community Library",66509,1,,,
"Rossville Community Library",66521,1,,,
"Rossville Community Library",66526,8,,,
"Rossville Community Library",66533,809,21,3,
"Rossville Community Library",66536,174,3,,
"Rossville Community Library",66539,28,,,
"Rossville Community Library",66547,4,,,
"Rossville Community Library",66604,8,,,
"Rossville Community Library",66606,1,,,
"Rossville Community Library",66608,1,,,
"Rossville Community Library",66609,1,,,
"Rossville Community Library",66610,5,,,
"Rossville Community Library",66611,6,,,
"Rossville Community Library",66614,27,2,,
"Rossville Community Library",66615,77,,,
"Rossville Community Library",66616,1,,,
"Rossville Community Library",66617,1,,,
"Rossville Community Library",66618,4,,,
"Sabetha, Mary Cotton Library",-,28,1,1,
"Sabetha, Mary Cotton Library",0,24,,,
"Sabetha, Mary Cotton Library",64152,1,,,
"Sabetha, Mary Cotton Library",66002,1,,,
"Sabetha, Mary Cotton Library",66006,1,,,
"Sabetha, Mary Cotton Library",66012,1,,,
"Sabetha, Mary Cotton Library",66032,1,,,
"Sabetha, Mary Cotton Library",66035,1,,,
"Sabetha, Mary Cotton Library",66040,3,,,
"Sabetha, Mary Cotton Library",66043,1,,,
"Sabetha, Mary Cotton Library",66044,8,,,
"Sabetha, Mary Cotton Library",66047,9,,8,
"Sabetha, Mary Cotton Library",66049,3,,,
"Sabetha, Mary Cotton Library",66053,2,,,
"Sabetha, Mary Cotton Library",66054,1,,,
"Sabetha, Mary Cotton Library",66058,1,,,
"Sabetha, Mary Cotton Library",66062,1,,,
"Sabetha, Mary Cotton Library",66064,1,,,
"Sabetha, Mary Cotton Library",66066,1,,,
"Sabetha, Mary Cotton Library",66067,2,,,
"Sabetha, Mary Cotton Library",66072,1,,,
"Sabetha, Mary Cotton Library",66087,2,,,
"Sabetha, Mary Cotton Library",66095,1,,,
"Sabetha, Mary Cotton Library",66097,1,,,
"Sabetha, Mary Cotton Library",66109,3,,,
"Sabetha, Mary Cotton Library",66403,1,,,
"Sabetha, Mary Cotton Library",66408,31,1,,
"Sabetha, Mary Cotton Library",66411,1,,,
"Sabetha, Mary Cotton Library",66417,1,,,
"Sabetha, Mary Cotton Library",66425,57,1,1,
"Sabetha, Mary Cotton Library",66427,1,,,
"Sabetha, Mary Cotton Library",66428,3,,,
"Sabetha, Mary Cotton Library",66434,32,,,
"Sabetha, Mary Cotton Library",66436,2,,,
"Sabetha, Mary Cotton Library",66439,5,,,
"Sabetha, Mary Cotton Library",66441,1,,,
"Sabetha, Mary Cotton Library",66451,2,,,
"Sabetha, Mary Cotton Library",66502,2,,,
"Sabetha, Mary Cotton Library",66508,1,,,
"Sabetha, Mary Cotton Library",66515,105,2,,
"Sabetha, Mary Cotton Library",66516,2,,,
"Sabetha, Mary Cotton Library",66521,1,,,
"Sabetha, Mary Cotton Library",66523,1,,,
"Sabetha, Mary Cotton Library",66527,9,,,
"Sabetha, Mary Cotton Library",66532,1,,,
"Sabetha, Mary Cotton Library",66534,1426,38,8,1
"Sabetha, Mary Cotton Library",66536,1,,,
"Sabetha, Mary Cotton Library",66538,9,1,,
"Sabetha, Mary Cotton Library",66539,1,,,
"Sabetha, Mary Cotton Library",66540,1,,,
"Sabetha, Mary Cotton Library",66547,1,,,
"Sabetha, Mary Cotton Library",66548,1,,,
"Sabetha, Mary Cotton Library",66550,12,,,
"Sabetha, Mary Cotton Library",66604,1,,,
"Sabetha, Mary Cotton Library",66606,1,,,
"Sabetha, Mary Cotton Library",66610,1,,,
"Sabetha, Mary Cotton Library",66615,1,,,
"Sabetha, Mary Cotton Library",66617,1,,,
"Sabetha, Mary Cotton Library",66749,3,,,
"Sabetha, Mary Cotton Library",66801,1,,,
"Sabetha, Mary Cotton Library",66839,3,,,
"Sabetha, Mary Cotton Library",66856,1,,,
"Sabetha, Mary Cotton Library",66871,1,,,
"Sabetha, Mary Cotton Library",66945,3,,,
"Sabetha, Mary Cotton Library",67042,2,,,
"Sabetha, Mary Cotton Library",67401,1,,,
"Sabetha, Mary Cotton Library",67439,3,,,
"Sabetha, Mary Cotton Library",67501,2,,,
"Sabetha, Mary Cotton Library",67530,2,,,
"Sabetha, Mary Cotton Library",67550,3,,,
"Sabetha, Mary Cotton Library",67654,4,,,
"Sabetha, Mary Cotton Library",67701,2,,,
"Sabetha, Mary Cotton Library",67846,2,,,
"Sabetha, Mary Cotton Library",68355,7,,,
"Seneca Free Library",-,35,1,,
"Seneca Free Library",0,12,1,1,
"Seneca Free Library",66002,1,,,
"Seneca Free Library",66007,1,,,
"Seneca Free Library",66020,1,,,
"Seneca Free Library",66047,8,,8,
"Seneca Free Library",66049,4,,,
"Seneca Free Library",66109,1,,,
"Seneca Free Library",66403,86,1,,
"Seneca Free Library",66404,134,3,1,
"Seneca Free Library",66406,7,,,
"Seneca Free Library",66408,63,1,,
"Seneca Free Library",66411,1,,,
"Seneca Free Library",66415,52,1,,
"Seneca Free Library",66417,28,,,
"Seneca Free Library",66425,3,,,
"Seneca Free Library",66427,5,,,
"Seneca Free Library",66428,32,1,,
"Seneca Free Library",66432,3,,,
"Seneca Free Library",66434,3,,,
"Seneca Free Library",66436,1,,,
"Seneca Free Library",66502,2,,,
"Seneca Free Library",66508,6,,,
"Seneca Free Library",66515,1,,,
"Seneca Free Library",66521,7,,,
"Seneca Free Library",66534,20,,,
"Seneca Free Library",66538,1194,46,5,
"Seneca Free Library",66540,3,,,
"Seneca Free Library",66544,9,2,,
"Seneca Free Library",66550,2,,,
"Seneca Free Library",66610,1,,,
"Seneca Free Library",66611,1,,,
"Seneca Free Library",66614,1,,,
"Seneca Free Library",66801,1,,,
"Silver Lake Library",-,1,,,
"Silver Lake Library",0,24,,,
"Silver Lake Library",66047,9,,8,
"Silver Lake Library",66049,5,,,
"Silver Lake Library",66073,1,,,
"Silver Lake Library",66402,1,,,
"Silver Lake Library",66418,6,1,,
"Silver Lake Library",66429,2,,,
"Silver Lake Library",66431,1,,,
"Silver Lake Library",66432,2,,,
"Silver Lake Library",66507,1,,,
"Silver Lake Library",66526,1,,,
"Silver Lake Library",66533,21,1,,
"Silver Lake Library",66536,12,,,
"Silver Lake Library",66539,879,15,1,
"Silver Lake Library",66542,1,,,
"Silver Lake Library",66546,1,,,
"Silver Lake Library",66547,6,2,,
"Silver Lake Library",66604,20,1,,
"Silver Lake Library",66605,1,,,
"Silver Lake Library",66606,2,,,
"Silver Lake Library",66607,1,,,
"Silver Lake Library",66608,3,,,
"Silver Lake Library",66609,1,,,
"Silver Lake Library",66610,1,,,
"Silver Lake Library",66611,2,,,
"Silver Lake Library",66614,12,1,1,
"Silver Lake Library",66615,4,,,
"Silver Lake Library",66617,21,,1,
"Silver Lake Library",66618,99,5,,
"Silver Lake Library",66801,1,,,
"Silver Lake Library",67401,1,,,
"Tonganoxie Public Library",-,7,1,,
"Tonganoxie Public Library",0,53,,1,
"Tonganoxie Public Library",64152,1,,,
"Tonganoxie Public Library",64501,1,,,
"Tonganoxie Public Library",66006,3,,,
"Tonganoxie Public Library",66007,36,,,
"Tonganoxie Public Library",66012,20,,,
"Tonganoxie Public Library",66018,2,,,
"Tonganoxie Public Library",66020,2,,,
"Tonganoxie Public Library",66025,11,,,
"Tonganoxie Public Library",66043,6,,,
"Tonganoxie Public Library",66044,99,2,,
"Tonganoxie Public Library",66046,10,,,
"Tonganoxie Public Library",66047,15,,8,
"Tonganoxie Public Library",66048,251,5,1,
"Tonganoxie Public Library",66049,18,,,
"Tonganoxie Public Library",66052,58,,,
"Tonganoxie Public Library",66054,217,3,2,
"Tonganoxie Public Library",66058,1,,,
"Tonganoxie Public Library",66061,6,,,
"Tonganoxie Public Library",66062,2,,,
"Tonganoxie Public Library",66066,11,,,
"Tonganoxie Public Library",66070,6,,,
"Tonganoxie Public Library",66073,2,,,
"Tonganoxie Public Library",66086,4471,77,43,1
"Tonganoxie Public Library",66088,2,,,
"Tonganoxie Public Library",66092,5,,,
"Tonganoxie Public Library",66097,2,,,
"Tonganoxie Public Library",66104,1,,,
"Tonganoxie Public Library",66106,3,,,
"Tonganoxie Public Library",66109,24,,,
"Tonganoxie Public Library",66111,9,,,
"Tonganoxie Public Library",66112,1,,,
"Tonganoxie Public Library",66113,1,,,
"Tonganoxie Public Library",66202,1,,,
"Tonganoxie Public Library",66203,3,,,
"Tonganoxie Public Library",66212,2,,1,
"Tonganoxie Public Library",66215,3,,,
"Tonganoxie Public Library",66218,1,,,
"Tonganoxie Public Library",66226,2,,,
"Tonganoxie Public Library",66227,1,,,
"Tonganoxie Public Library",66413,1,,,
"Tonganoxie Public Library",66424,1,,,
"Tonganoxie Public Library",66429,1,,,
"Tonganoxie Public Library",66512,1,,,
"Tonganoxie Public Library",66547,1,,,
"Tonganoxie Public Library",66607,2,,,
"Tonganoxie Public Library",66614,2,,,
"Tonganoxie Public Library",66615,1,,,
"Tonganoxie Public Library",66616,2,,,
"Valley Falls, Delaware Township Library",-,1,1,,
"Valley Falls, Delaware Township Library",0,24,1,,
"Valley Falls, Delaware Township Library",64484,1,,,
"Valley Falls, Delaware Township Library",66002,2,,,
"Valley Falls, Delaware Township Library",66020,1,,,
"Valley Falls, Delaware Township Library",66023,2,,,
"Valley Falls, Delaware Township Library",66025,1,,,
"Valley Falls, Delaware Township Library",66043,1,,,
"Valley Falls, Delaware Township Library",66044,1,,,
"Valley Falls, Delaware Township Library",66047,8,,8,
"Valley Falls, Delaware Township Library",66049,1,,,
"Valley Falls, Delaware Township Library",66050,1,,,
"Valley Falls, Delaware Township Library",66054,1,,,
"Valley Falls, Delaware Township Library",66058,1,,,
"Valley Falls, Delaware Township Library",66060,4,,,
"Valley Falls, Delaware Township Library",66066,5,,,
"Valley Falls, Delaware Township Library",66070,5,,1,
"Valley Falls, Delaware Township Library",66088,534,8,2,1
"Valley Falls, Delaware Township Library",66097,1,,,
"Valley Falls, Delaware Township Library",66419,11,,,
"Valley Falls, Delaware Township Library",66436,9,,,
"Valley Falls, Delaware Township Library",66512,12,,,
"Valley Falls, Delaware Township Library",66523,2,,,
"Valley Falls, Delaware Township Library",66543,3,,,
"Valley Falls, Delaware Township Library",66608,2,,,
"Valley Falls, Delaware Township Library",66615,3,,,
"Wellsville City Library",-,1,,,
"Wellsville City Library",0,6,,,
"Wellsville City Library",66006,13,,,
"Wellsville City Library",66018,1,,,
"Wellsville City Library",66021,35,1,,
"Wellsville City Library",66025,2,,,
"Wellsville City Library",66026,1,,,
"Wellsville City Library",66030,18,,,
"Wellsville City Library",66032,1,,,
"Wellsville City Library",66042,1,,,
"Wellsville City Library",66046,1,,,
"Wellsville City Library",66047,8,,8,
"Wellsville City Library",66049,2,,,
"Wellsville City Library",66061,5,,,
"Wellsville City Library",66062,5,1,,
"Wellsville City Library",66064,2,,,
"Wellsville City Library",66067,41,,,
"Wellsville City Library",66071,10,,,
"Wellsville City Library",66076,1,,,
"Wellsville City Library",66079,5,,,
"Wellsville City Library",66080,2,,,
"Wellsville City Library",66083,2,,,
"Wellsville City Library",66086,1,,,
"Wellsville City Library",66092,1096,20,5,
"Wellsville City Library",66095,1,,,
"Wellsville City Library",66212,1,,,
"Wellsville City Library",66213,1,,,
"Wellsville City Library",66215,1,,,
"Wellsville City Library",66218,1,,,
"Wetmore Public Library",-,1,,,
"Wetmore Public Library",0,10,,,
"Wetmore Public Library",66030,1,,,
"Wetmore Public Library",66047,8,,8,
"Wetmore Public Library",66049,2,,,
"Wetmore Public Library",66416,1,,,
"Wetmore Public Library",66428,47,,,
"Wetmore Public Library",66436,3,,,
"Wetmore Public Library",66440,1,,,
"Wetmore Public Library",66516,8,,,
"Wetmore Public Library",66521,1,,,
"Wetmore Public Library",66534,1,,,
"Wetmore Public Library",66540,2,,,
"Wetmore Public Library",66550,246,4,1,1
"Wetmore Public Library",66552,4,,,
"Williamsburg Community Library",-,6,,,
"Williamsburg Community Library",0,27,,,
"Williamsburg Community Library",66002,2,,,
"Williamsburg Community Library",66006,1,,,
"Williamsburg Community Library",66007,1,,,
"Williamsburg Community Library",66025,2,,,
"Williamsburg Community Library",66032,4,,,
"Williamsburg Community Library",66035,1,,,
"Williamsburg Community Library",66040,1,,,
"Williamsburg Community Library",66043,1,,,
"Williamsburg Community Library",66047,8,,8,
"Williamsburg Community Library",66048,2,,,
"Williamsburg Community Library",66049,1,,,
"Williamsburg Community Library",66052,1,,,
"Williamsburg Community Library",66053,1,,,
"Williamsburg Community Library",66062,3,,,
"Williamsburg Community Library",66066,1,,,
"Williamsburg Community Library",66067,17,,,
"Williamsburg Community Library",66076,35,,,
"Williamsburg Community Library",66078,3,,,
"Williamsburg Community Library",66080,5,,,
"Williamsburg Community Library",66086,1,,,
"Williamsburg Community Library",66087,1,,,
"Williamsburg Community Library",66095,312,5,1,
"Williamsburg Community Library",66097,1,,,
"Williamsburg Community Library",66109,1,,,
"Williamsburg Community Library",66401,1,,,
"Williamsburg Community Library",66408,1,,,
"Williamsburg Community Library",66411,1,,,
"Williamsburg Community Library",66413,1,,,
"Williamsburg Community Library",66424,1,,,
"Williamsburg Community Library",66427,1,,,
"Williamsburg Community Library",66434,1,,,
"Williamsburg Community Library",66436,1,,,
"Williamsburg Community Library",66441,1,,,
"Williamsburg Community Library",66451,3,,,
"Williamsburg Community Library",66502,1,,,
"Williamsburg Community Library",66508,1,,,
"Williamsburg Community Library",66510,3,,,
"Williamsburg Community Library",66512,1,,,
"Williamsburg Community Library",66521,1,,,
"Williamsburg Community Library",66523,1,,,
"Williamsburg Community Library",66524,1,,,
"Williamsburg Community Library",66526,1,,,
"Williamsburg Community Library",66528,10,,,
"Williamsburg Community Library",66533,1,,,
"Williamsburg Community Library",66534,2,,,
"Williamsburg Community Library",66536,2,,,
"Williamsburg Community Library",66538,1,,,
"Williamsburg Community Library",66539,1,,,
"Williamsburg Community Library",66543,1,,,
"Williamsburg Community Library",66547,1,,,
"Williamsburg Community Library",66548,1,,,
"Williamsburg Community Library",66617,3,,,
"Williamsburg Community Library",66749,3,,,
"Williamsburg Community Library",66801,3,,,
"Williamsburg Community Library",66839,4,,,
"Williamsburg Community Library",66856,1,,,
"Williamsburg Community Library",66871,5,,,
"Williamsburg Community Library",67042,3,,,
"Williamsburg Community Library",67401,1,,,
"Williamsburg Community Library",67439,1,,,
"Williamsburg Community Library",67501,1,,,
"Williamsburg Community Library",67530,1,,,
"Williamsburg Community Library",67550,2,,,
"Williamsburg Community Library",67654,3,,,
"Williamsburg Community Library",67701,2,,,
"Williamsburg Community Library",67846,4,,,
"Winchester Public Library",-,6,,1,
"Winchester Public Library",0,18,,,
"Winchester Public Library",64484,1,,,
"Winchester Public Library",66002,6,,,
"Winchester Public Library",66006,1,,,
"Winchester Public Library",66007,2,,,
"Winchester Public Library",66016,2,1,,
"Winchester Public Library",66020,12,,,
"Winchester Public Library",66032,1,,,
"Winchester Public Library",66035,1,,,
"Winchester Public Library",66040,2,,,
"Winchester Public Library",66043,1,,,
"Winchester Public Library",66044,3,,,
"Winchester Public Library",66046,2,,,
"Winchester Public Library",66047,32,,32,
"Winchester Public Library",66048,10,,,
"Winchester Public Library",66049,2,,,
"Winchester Public Library",66053,1,,,
"Winchester Public Library",66054,21,,1,
"Winchester Public Library",66058,1,,,
"Winchester Public Library",66060,23,,,
"Winchester Public Library",66061,1,,,
"Winchester Public Library",66062,1,,,
"Winchester Public Library",66064,1,,,
"Winchester Public Library",66066,12,,,
"Winchester Public Library",66070,3,,,
"Winchester Public Library",66071,1,,,
"Winchester Public Library",66072,1,,,
"Winchester Public Library",66073,2,,,
"Winchester Public Library",66086,1,,,
"Winchester Public Library",66088,28,,,
"Winchester Public Library",66095,1,,,
"Winchester Public Library",66097,455,6,1,
"Winchester Public Library",66408,1,,,
"Winchester Public Library",66411,1,,,
"Winchester Public Library",66413,1,,,
"Winchester Public Library",66419,3,,,
"Winchester Public Library",66427,1,,,
"Winchester Public Library",66436,1,,,
"Winchester Public Library",66439,1,,,
"Winchester Public Library",66441,1,,,
"Winchester Public Library",66451,1,,,
"Winchester Public Library",66502,1,,,
"Winchester Public Library",66508,1,,,
"Winchester Public Library",66509,1,,,
"Winchester Public Library",66512,1,,,
"Winchester Public Library",66534,1,,,
"Winchester Public Library",66536,1,,,
"Winchester Public Library",66539,1,,,
"Winchester Public Library",66547,1,,,
"Winchester Public Library",66615,1,,,
"Winchester Public Library",66617,1,,,
"Winchester Public Library",66749,2,,,
"Winchester Public Library",66801,1,,,
"Winchester Public Library",66839,3,,,
"Winchester Public Library",66871,2,,,
"Winchester Public Library",66945,1,,,
"Winchester Public Library",67042,2,,,
"Winchester Public Library",67401,1,,,
"Winchester Public Library",67439,1,,,
"Winchester Public Library",67501,1,,,
"Winchester Public Library",67530,2,,,
"Winchester Public Library",67550,2,,,
"Winchester Public Library",67654,2,,,
"Winchester Public Library",67701,2,,,
"Winchester Public Library",67846,2,,,
