added,ccode,homebranch,location
26,,ATCHISON,
2,BIOGRAPHY,ATCHISON,ADULT
3,BIOGRAPHY,ATCHISON,CHILDRENS
2,CAKEPAN,ATCHISON,ADULT
9,DVD,ATCHISON,ADULT
18,EASY,ATCHISON,CHILDRENS
1,FICTION,ATCHISON,
33,FICTION,ATCHISON,ADULT
8,FICTION,ATCHISON,CHILDRENS
57,FICTION,ATCHISON,YOUNGADULT
27,GRAPHIC,ATCHISON,YOUNGADULT
7,KANSAS,ATCHISON,ADULT
22,LARGEPRINT,ATCHISON,ADULT
23,MYSTERY,ATCHISON,ADULT
31,NONFICTION,ATCHISON,ADULT
14,NONFICTION,ATCHISON,CHILDRENS
4,NONFICTION,ATCHISON,YOUNGADULT
11,READER,ATCHISON,CHILDRENS
43,SF-FANT,ATCHISON,ADULT
6,SF-FANT,ATCHISON,YOUNGADULT

68,,BALDWIN,
12,BOOKONCD,BALDWIN,ADULT
10,DVD,BALDWIN,ADULT
2,DVD,BALDWIN,CHILDRENS
49,FICTION,BALDWIN,ADULT
3,MAGAZINE,BALDWIN,
1,MAGAZINE,BALDWIN,ADULT
1,MUSIC,BALDWIN,ADULT
7,NONFICTION,BALDWIN,ADULT
7,NONFICTION,BALDWIN,CHILDRENS
1,NONFICTION,BALDWIN,YOUNGADULT
1,READER,BALDWIN,CHILDRENS

16,BIOGRAPHY,BASEHOR,ADULT
3,BIOGRAPHY,BASEHOR,CHILDRENS
1,BIOGRAPHY,BASEHOR,YOUNGADULT
1,BOARDBK,BASEHOR,ADULT
26,BOOKONCD,BASEHOR,ADULT
7,BOOKONCD,BASEHOR,CHILDRENS
1,BOOKONCD,BASEHOR,YOUNGADULT
118,DVD,BASEHOR,ADULT
26,DVD,BASEHOR,CHILDRENS
23,EASY,BASEHOR,CHILDRENS
82,FICTION,BASEHOR,ADULT
2,FICTION,BASEHOR,CATALOGING
44,FICTION,BASEHOR,CHILDRENS
62,FICTION,BASEHOR,YOUNGADULT
5,GRAPHIC,BASEHOR,CHILDRENS
20,GRAPHIC,BASEHOR,YOUNGADULT
20,LARGEPRINT,BASEHOR,ADULT
1,LARGEPRINT,BASEHOR,CATALOGING
77,MAGAZINE,BASEHOR,ADULT
20,MAGAZINE,BASEHOR,CHILDRENS
19,MAGAZINE,BASEHOR,YOUNGADULT
1,MUSIC,BASEHOR,ADULT
1,MYSTERY,BASEHOR,ADULT
85,NONFICTION,BASEHOR,ADULT
14,NONFICTION,BASEHOR,CHILDRENS
2,NONFICTION,BASEHOR,YOUNGADULT
1,ON-ORDER,BASEHOR,ADULT
19,ON-ORDER,BASEHOR,CATALOGING
6,PAPERBACK,BASEHOR,ADULT
2,READER,BASEHOR,CHILDRENS
1,VHS,BASEHOR,ADULT
2,WESTERN,BASEHOR,ADULT

2,BOOKONCD,BERN,ADULT
5,DVD,BERN,ADULT
1,DVD,BERN,CHILDRENS
2,FICTION,BERN,ADULT
5,FICTION,BERN,CHILDRENS
9,FICTION,BERN,YOUNGADULT
1,HOLIDAY,BERN,ADULT
19,INSPRATION,BERN,ADULT
2,LARGEPRINT,BERN,ADULT
1,MUSIC,BERN,ADULT
1,MYSTERY,BERN,ADULT
1,NONFICTION,BERN,ADULT
3,NONFICTION,BERN,CHILDRENS
8,READER,BERN,CHILDRENS
1,ROMANCE,BERN,ADULT

1,BIOGRAPHY,BONNERSPGS,ADULT
3,BIOGRAPHY,BONNERSPGS,CHILDRENS
17,BOOKONCD,BONNERSPGS,ADULT
3,BOOKONCD,BONNERSPGS,CHILDRENS
3,BOOKONCD,BONNERSPGS,YOUNGADULT
36,DVD,BONNERSPGS,ADULT
7,DVD,BONNERSPGS,CHILDRENS
8,EASY,BONNERSPGS,CHILDRENS
17,FICTION,BONNERSPGS,ADULT
6,FICTION,BONNERSPGS,CHILDRENS
30,FICTION,BONNERSPGS,YOUNGADULT
3,GENEALOGY,BONNERSPGS,ADULT
1,GRAPHIC,BONNERSPGS,ADULT
19,GRAPHIC,BONNERSPGS,CHILDRENS
64,GRAPHIC,BONNERSPGS,YOUNGADULT
7,KANSAS,BONNERSPGS,ADULT
13,LARGEPRINT,BONNERSPGS,ADULT
104,MAGAZINE,BONNERSPGS,ADULT
10,MAGAZINE,BONNERSPGS,CHILDRENS
1,MYSTERY,BONNERSPGS,ADULT
91,NEW,BONNERSPGS,ADULT
48,NONFICTION,BONNERSPGS,ADULT
3,NONFICTION,BONNERSPGS,CHILDRENS
2,NONFICTION,BONNERSPGS,YOUNGADULT
29,PAPERBACK,BONNERSPGS,ADULT
2,PAPERBACK,BONNERSPGS,CHILDRENS
3,READER,BONNERSPGS,CHILDRENS
1,ROMANCE,BONNERSPGS,YOUNGADULT
1,SF-FANT,BONNERSPGS,ADULT

1,,CARBONDALE,
18,BOARDBK,CARBONDALE,CHILDRENS
1,DVD,CARBONDALE,
3,DVD,CARBONDALE,ADULT
1,DVD,CARBONDALE,CHILDRENS
1,DVD,CARBONDALE,YOUNGADULT
36,EASY,CARBONDALE,CHILDRENS
1,FICTION,CARBONDALE,
47,FICTION,CARBONDALE,ADULT
10,FICTION,CARBONDALE,CHILDRENS
40,FICTION,CARBONDALE,YOUNGADULT
1,GRAPHIC,CARBONDALE,YOUNGADULT
2,HOLIDAY,CARBONDALE,CHILDRENS
4,INSPRATION,CARBONDALE,ADULT
1,KANSAS,CARBONDALE,ADULT
2,LARGEPRINT,CARBONDALE,ADULT
12,NONFICTION,CARBONDALE,ADULT
2,NONFICTION,CARBONDALE,CHILDRENS
4,PAPERBACK,CARBONDALE,ADULT
18,READER,CARBONDALE,CHILDRENS
29,ROMANCE,CARBONDALE,ADULT
5,WESTERN,CARBONDALE,ADULT

7,DVD,CENTRALIA,
6,EASY,CENTRALIA,
10,FICTION,CENTRALIA,
1,GRAPHIC,CENTRALIA,
7,LARGEPRINT,CENTRALIA,
1,LARGEPRINT,CENTRALIA,ADULT
15,MAGAZINE,CENTRALIA,
5,PAPERBACK,CENTRALIA,
4,SF-FANT,CENTRALIA,
1,VHS,CENTRALIA,
1,WESTERN,CENTRALIA,

9,,EFFINGHAM,
1,DVD,EFFINGHAM,ADULT
1,DVD,EFFINGHAM,CATALOGING
3,DVD,EFFINGHAM,CHILDRENS
3,DVD,EFFINGHAM,YOUNGADULT
1,EASY,EFFINGHAM,CATALOGING
1,EASY,EFFINGHAM,CHILDRENS
5,ERESOURCE,EFFINGHAM,ADULT
14,FICTION,EFFINGHAM,ADULT
2,FICTION,EFFINGHAM,CATALOGING
45,FICTION,EFFINGHAM,CHILDRENS
1,FICTION,EFFINGHAM,YOUNGADULT
4,GRAPHIC,EFFINGHAM,ADULT
15,GRAPHIC,EFFINGHAM,YOUNGADULT
8,INSPRATION,EFFINGHAM,ADULT
14,KANSAS,EFFINGHAM,ADULT
3,NEW,EFFINGHAM,ADULT
2,NEW,EFFINGHAM,YOUNGADULT
7,NONFICTION,EFFINGHAM,ADULT
2,NONFICTION,EFFINGHAM,CHILDRENS
1,READER,EFFINGHAM,CHILDRENS

1,BOOKONCD,EUDORA,ADULT
16,DVD,EUDORA,ADULT
15,EASY,EUDORA,CHILDRENS
14,FICTION,EUDORA,ADULT
18,FICTION,EUDORA,YOUNGADULT
7,LARGEPRINT,EUDORA,ADULT
2,NONFICTION,EUDORA,ADULT
13,NONFICTION,EUDORA,CHILDRENS
1,NONFICTION,EUDORA,YOUNGADULT
8,READER,EUDORA,CHILDRENS

1,,EVEREST,ADULT
1,BIOGRAPHY,EVEREST,ADULT
8,BOARDBK,EVEREST,CHILDRENS
3,EASY,EVEREST,CATALOGING
278,EASY,EVEREST,CHILDRENS
3,FICTION,EVEREST,ADULT
290,FICTION,EVEREST,CHILDRENS
268,FICTION,EVEREST,YOUNGADULT
1,FICTIONY,EVEREST,YOUNGADULT
1,HOLIDAY,EVEREST,ADULT
1,INSPRATION,EVEREST,
234,INSPRATION,EVEREST,ADULT
97,LARGEPRINT,EVEREST,ADULT
1,NONFICTION,EVEREST,ADULT
18,NONFICTION,EVEREST,CHILDRENS
2,READER,EVEREST,CATALOGING
189,READER,EVEREST,CHILDRENS
102,SF-FANT,EVEREST,ADULT
1,WALKIN,EVEREST,ADULT
142,WESTERN,EVEREST,ADULT

3,BIOGRAPHY,HIAWATHA,ADULT
5,BOARDBK,HIAWATHA,CHILDRENS
8,BOOKONCD,HIAWATHA,ADULT
1,BOOKONCD,HIAWATHA,CHILDRENS
2,BOOKONMP,HIAWATHA,ADULT
9,DVD,HIAWATHA,ADULT
7,DVD,HIAWATHA,CHILDRENS
14,EASY,HIAWATHA,CHILDRENS
25,FICTION,HIAWATHA,ADULT
6,FICTION,HIAWATHA,CHILDRENS
12,FICTION,HIAWATHA,YOUNGADULT
12,LARGEPRINT,HIAWATHA,ADULT
73,MAGAZINE,HIAWATHA,ADULT
1,MAGAZINE,HIAWATHA,CHILDRENS
1,MAGAZINE,HIAWATHA,YOUNGADULT
15,MUSIC,HIAWATHA,ADULT
9,MYSTERY,HIAWATHA,ADULT
14,NONFICTION,HIAWATHA,ADULT
2,READER,HIAWATHA,CHILDRENS
7,SF-FANT,HIAWATHA,ADULT
1,WESTERN,HIAWATHA,ADULT

11,BOOKONCD,HOLTON,ADULT
18,DVD,HOLTON,ADULT
3,DVD,HOLTON,CHILDRENS
3,EASY,HOLTON,CHILDRENS
40,FICTION,HOLTON,ADULT
16,FICTION,HOLTON,CHILDRENS
10,FICTION,HOLTON,YOUNGADULT
3,INSPRATION,HOLTON,ADULT
2,LARGEPRINT,HOLTON,ADULT
56,MAGAZINE,HOLTON,ADULT
1,MAGAZINE,HOLTON,CHILDRENS
3,MUSIC,HOLTON,CHILDRENS
13,MYSTERY,HOLTON,ADULT
15,NONFICTION,HOLTON,ADULT
1,NONFICTION,HOLTON,CHILDRENS
13,PAPERBACK,HOLTON,ADULT
6,READER,HOLTON,CHILDRENS
11,ROMANCE,HOLTON,ADULT

1,BIOGRAPHY,HORTON,ADULT
2,BIOGRAPHY,HORTON,CHILDRENS
1,DVD,HORTON,
10,DVD,HORTON,ADULT
2,DVD,HORTON,CHILDRENS
4,EASY,HORTON,CHILDRENS
9,FICTION,HORTON,ADULT
22,FICTION,HORTON,CHILDRENS
1,FICTION,HORTON,YOUNGADULT
3,INSPRATION,HORTON,ADULT
4,LARGEPRINT,HORTON,ADULT
23,MAGAZINE,HORTON,ADULT
2,MAGAZINE,HORTON,YOUNGADULT
4,MYSTERY,HORTON,ADULT
13,NONFICTION,HORTON,ADULT
11,NONFICTION,HORTON,CHILDRENS
21,PAPERBACK,HORTON,ADULT
10,READER,HORTON,CHILDRENS
1,ROMANCE,HORTON,ADULT
3,SF-FANT,HORTON,YOUNGADULT
1,WESTERN,HORTON,ADULT

29,,LEAVENWRTH,
1,,LEAVENWRTH,ADULT
4,BIOGRAPHY,LEAVENWRTH,ADULT
9,BIOGRAPHY,LEAVENWRTH,CHILDRENS
15,BOOKONCD,LEAVENWRTH,ADULT
5,BOOKONCD,LEAVENWRTH,CHILDRENS
1,BOOKONCD,LEAVENWRTH,YOUNGADULT
10,BOOKONMP,LEAVENWRTH,ADULT
57,DVD,LEAVENWRTH,ADULT
23,DVD,LEAVENWRTH,CHILDRENS
17,DVD,LEAVENWRTH,YOUNGADULT
19,EASY,LEAVENWRTH,CHILDRENS
103,FICTION,LEAVENWRTH,ADULT
30,FICTION,LEAVENWRTH,CHILDRENS
16,FICTION,LEAVENWRTH,YOUNGADULT
1,GRAPHIC,LEAVENWRTH,CHILDRENS
2,GRAPHIC,LEAVENWRTH,YOUNGADULT
18,KANSAS,LEAVENWRTH,ADULT
22,LARGEPRINT,LEAVENWRTH,ADULT
126,MAGAZINE,LEAVENWRTH,ADULT
12,MAGAZINE,LEAVENWRTH,CHILDRENS
1,MAGAZINE,LEAVENWRTH,YOUNGADULT
39,MUSIC,LEAVENWRTH,ADULT
1,MUSIC,LEAVENWRTH,CHILDRENS
120,NONFICTION,LEAVENWRTH,ADULT
88,NONFICTION,LEAVENWRTH,CHILDRENS
2,NONFICTION,LEAVENWRTH,YOUNGADULT
3,OVERSIZE,LEAVENWRTH,ADULT
5,READER,LEAVENWRTH,CHILDRENS
9,SOFTWARE,LEAVENWRTH,ADULT

1,,LINWOOD,
2,BIOGRAPHY,LINWOOD,CHILDRENS
1,COMPUTER,LINWOOD,ADULT
2,DVD,LINWOOD,
11,DVD,LINWOOD,ADULT
4,DVD,LINWOOD,CHILDRENS
26,FICTION,LINWOOD,ADULT
39,FICTION,LINWOOD,CHILDRENS
11,FICTION,LINWOOD,YOUNGADULT
1,GRAPHIC,LINWOOD,CHILDRENS
5,INSPRATION,LINWOOD,ADULT
1,KANSAS,LINWOOD,ADULT
6,LARGEPRINT,LINWOOD,ADULT
4,MYSTERY,LINWOOD,ADULT
10,NONFICTION,LINWOOD,ADULT
7,NONFICTION,LINWOOD,CHILDRENS
2,READER,LINWOOD,CHILDRENS
1,VHS,LINWOOD,ADULT

1,BIOGRAPHY,LYNDON,ADULT
3,BOOKONCD,LYNDON,YOUNGADULT
1,DVD,LYNDON,
30,DVD,LYNDON,ADULT
1,EASY,LYNDON,
3,EASY,LYNDON,CHILDRENS
26,FICTION,LYNDON,ADULT
1,FICTION,LYNDON,CART
3,FICTION,LYNDON,YOUNGADULT
3,GRAPHIC,LYNDON,YOUNGADULT
1,INSPRATION,LYNDON,ADULT
1,LARGEPRINT,LYNDON,ADULT
2,NONFICTION,LYNDON,ADULT
1,NONFICTION,LYNDON,YOUNGADULT
1,READER,LYNDON,CHILDRENS
1,VHS,LYNDON,CHILDRENS

4,BOARDBK,MCLOUTH,CHILDRENS
6,DVD,MCLOUTH,ADULT
1,DVD,MCLOUTH,CHILDRENS
1,DVD,MCLOUTH,YOUNGADULT
13,FICTION,MCLOUTH,ADULT
3,FICTION,MCLOUTH,CHILDRENS
2,LARGEPRINT,MCLOUTH,ADULT
1,NONFICTION,MCLOUTH,ADULT

1,BIOGRAPHY,MERIDEN,ADULT
3,BOARDBK,MERIDEN,CHILDRENS
12,BOOKONCD,MERIDEN,ADULT
65,DVD,MERIDEN,ADULT
12,DVD,MERIDEN,CHILDRENS
3,EASY,MERIDEN,CHILDRENS
41,FICTION,MERIDEN,ADULT
1,FICTION,MERIDEN,CHILDRENS
17,FICTION,MERIDEN,YOUNGADULT
3,GRAPHIC,MERIDEN,CHILDRENS
21,GRAPHIC,MERIDEN,YOUNGADULT
2,LARGEPRINT,MERIDEN,ADULT
1,MYSTERY,MERIDEN,ADULT
13,NONFICTION,MERIDEN,ADULT
29,NONFICTION,MERIDEN,CHILDRENS
17,PAPERBACK,MERIDEN,ADULT
1,PARENTING,MERIDEN,ADULT
1,READER,MERIDEN,CHILDRENS
5,SF-FANT,MERIDEN,ADULT

9,FICTION,NEKLS,ADULT
2,LARGEPRINT,NEKLS,ADULT
5,MAGAZINE,NEKLS,ADULT

5,BOARDBK,NORTONVLLE,CHILDRENS
1,BOOKONCASS,NORTONVLLE,YOUNGADULT
13,BOOKONCD,NORTONVLLE,CHILDRENS
9,DVD,NORTONVLLE,ADULT
5,DVD,NORTONVLLE,CHILDRENS
16,EASY,NORTONVLLE,CHILDRENS
37,FICTION,NORTONVLLE,ADULT
19,FICTION,NORTONVLLE,CHILDRENS
14,FICTION,NORTONVLLE,YOUNGADULT
1,HOLIDAY,NORTONVLLE,CHILDRENS
3,LARGEPRINT,NORTONVLLE,ADULT
37,MAGAZINE,NORTONVLLE,ADULT
1,MAGAZINE,NORTONVLLE,CHILDRENS
7,MAGAZINE,NORTONVLLE,YOUNGADULT
17,NONFICTION,NORTONVLLE,ADULT
5,NONFICTION,NORTONVLLE,CHILDRENS
3,NONFICTION,NORTONVLLE,YOUNGADULT
4,PARENTING,NORTONVLLE,ADULT
1,READER,NORTONVLLE,CHILDRENS
21,ROMANCE,NORTONVLLE,ADULT
3,SF-FANT,NORTONVLLE,ADULT
3,WESTERN,NORTONVLLE,ADULT

12,,OSAGECITY,
5,BOOKONCD,OSAGECITY,ADULT
15,DVD,OSAGECITY,ADULT
2,DVD,OSAGECITY,YOUNGADULT
15,EASY,OSAGECITY,CHILDRENS
35,FICTION,OSAGECITY,ADULT
15,FICTION,OSAGECITY,CHILDRENS
13,FICTION,OSAGECITY,YOUNGADULT
9,GRAPHIC,OSAGECITY,CHILDRENS
20,LARGEPRINT,OSAGECITY,ADULT
36,MAGAZINE,OSAGECITY,ADULT
1,MAGAZINE,OSAGECITY,CHILDRENS
2,MAGAZINE,OSAGECITY,YOUNGADULT
1,MUSIC,OSAGECITY,ADULT
19,NONFICTION,OSAGECITY,ADULT
13,NONFICTION,OSAGECITY,CHILDRENS
1,NONFICTION,OSAGECITY,YOUNGADULT
12,PAPERBACK,OSAGECITY,ADULT
14,READER,OSAGECITY,CHILDRENS

1,BIOGRAPHY,OSAWATOMIE,ADULT
1,BOOKONCD,OSAWATOMIE,ADULT
5,DISPLAY,OSAWATOMIE,ADULT
12,DVD,OSAWATOMIE,ADULT
28,FICTION,OSAWATOMIE,ADULT
13,FICTION,OSAWATOMIE,CHILDRENS
5,FICTION,OSAWATOMIE,YOUNGADULT
1,GRAPHIC,OSAWATOMIE,CHILDRENS
17,MYSTERY,OSAWATOMIE,ADULT
26,NONFICTION,OSAWATOMIE,ADULT
26,NONFICTION,OSAWATOMIE,CHILDRENS
18,READER,OSAWATOMIE,CHILDRENS
3,SF-FANT,OSAWATOMIE,ADULT
1,WESTERN,OSAWATOMIE,ADULT
1,BOARDBK,OSKALOOSA,CHILDRENS

8,BOOKONCD,OSKALOOSA,ADULT
32,EASY,OSKALOOSA,CHILDRENS
28,FICTION,OSKALOOSA,ADULT
20,FICTION,OSKALOOSA,CHILDRENS
2,FICTION,OSKALOOSA,YOUNGADULT
2,LARGEPRINT,OSKALOOSA,ADULT
1,MUSIC,OSKALOOSA,ADULT
1,NEW,OSKALOOSA,CHILDRENS
9,NONFICTION,OSKALOOSA,ADULT
1,NONFICTION,OSKALOOSA,CATALOGING
44,NONFICTION,OSKALOOSA,CHILDRENS
18,READER,OSKALOOSA,CHILDRENS
12,,OTTAWA,
13,BOOKONCD,OTTAWA,ADULT
5,BOOKONCD,OTTAWA,CHILDRENS
3,BOOKONCD,OTTAWA,YOUNGADULT
8,DVD,OTTAWA,ADULT
9,DVD,OTTAWA,CHILDRENS
1,EASY,OTTAWA,CHILDRENS
2,FICTION,OTTAWA,ADULT
2,FICTION,OTTAWA,CHILDRENS
1,KANSAS,OTTAWA,ADULT
22,LARGEPRINT,OTTAWA,ADULT
7,MUSIC,OTTAWA,ADULT
174,NEW,OTTAWA,ADULT
190,NEW,OTTAWA,CHILDRENS
15,NEW,OTTAWA,YOUNGADULT
16,NONFICTION,OTTAWA,ADULT
1,,OVERBROOK,
13,BOARDBK,OVERBROOK,CHILDRENS
3,BOOKONCD,OVERBROOK,ADULT
1,DISPLAY,OVERBROOK,CHILDRENS
1,DVD,OVERBROOK,
26,DVD,OVERBROOK,ADULT
23,DVD,OVERBROOK,CHILDRENS
5,EASY,OVERBROOK,CHILDRENS
25,FICTION,OVERBROOK,ADULT
30,FICTION,OVERBROOK,CHILDRENS
10,FICTION,OVERBROOK,YOUNGADULT
2,HOLIDAY,OVERBROOK,CHILDRENS
1,LARGEPRINT,OVERBROOK,ADULT
3,MYSTERY,OVERBROOK,ADULT
10,NONFICTION,OVERBROOK,ADULT
10,NONFICTION,OVERBROOK,CHILDRENS
13,READER,OVERBROOK,CHILDRENS
1,BOARDBK,ROSSVILLE,CHILDRENS
5,BOOKONCD,ROSSVILLE,ADULT
65,DVD,ROSSVILLE,ADULT
11,DVD,ROSSVILLE,CHILDRENS
15,EASY,ROSSVILLE,CHILDRENS
35,FICTION,ROSSVILLE,ADULT
3,FICTION,ROSSVILLE,CHILDRENS
5,FICTION,ROSSVILLE,YOUNGADULT
1,GRAPHIC,ROSSVILLE,YOUNGADULT
24,INSPRATION,ROSSVILLE,ADULT
4,KANSAS,ROSSVILLE,ADULT
4,LARGEPRINT,ROSSVILLE,ADULT
19,NONFICTION,ROSSVILLE,ADULT
3,NONFICTION,ROSSVILLE,CHILDRENS
26,PAPERBACK,ROSSVILLE,ADULT
4,READER,ROSSVILLE,CHILDRENS
7,BOARDBK,SABETHA,CHILDRENS
1,BOOKONCASS,SABETHA,ADULT
1,BOOKONCASS,SABETHA,CHILDRENS
9,BOOKONCD,SABETHA,ADULT
4,BOOKONCD,SABETHA,CHILDRENS
1,BOOKONCD,SABETHA,YOUNGADULT
11,DVD,SABETHA,ADULT
7,DVD,SABETHA,CHILDRENS
1,DVD,SABETHA,YOUNGADULT
1,EASY,SABETHA,CHILDRENS
9,EDUCATION,SABETHA,CHILDRENS
2,EDUCATION,SABETHA,YOUNGADULT
9,FICTION,SABETHA,ADULT
14,FICTION,SABETHA,YOUNGADULT
7,INSPRATION,SABETHA,ADULT
1,MAGAZINE,SABETHA,
41,MAGAZINE,SABETHA,ADULT
6,MYSTERY,SABETHA,ADULT
21,NONFICTION,SABETHA,ADULT
4,NONFICTION,SABETHA,CHILDRENS
3,ON-ORDER,SABETHA,ADULT
3,PAPERBACK,SABETHA,ADULT
6,ROMANCE,SABETHA,ADULT
2,WESTERN,SABETHA,ADULT
24,BOOKONCD,SENECA,ADULT
1,BOOKONCD,SENECA,CHILDRENS
8,DVD,SENECA,ADULT
3,DVD,SENECA,CHILDRENS
1,DVD,SENECA,YOUNGADULT
27,FICTION,SENECA,ADULT
1,GRAPHIC,SENECA,CHILDRENS
2,INSPRATION,SENECA,ADULT
14,LARGEPRINT,SENECA,ADULT
8,MYSTERY,SENECA,ADULT
7,NONFICTION,SENECA,ADULT
1,PAPERBACK,SENECA,ADULT
37,ROMANCE,SENECA,ADULT
10,BOARDBK,SILVERLAKE,CHILDRENS
10,BOOKONCD,SILVERLAKE,ADULT
19,DVD,SILVERLAKE,ADULT
16,DVD,SILVERLAKE,CHILDRENS
6,EASY,SILVERLAKE,CHILDRENS
18,FICTION,SILVERLAKE,ADULT
10,FICTION,SILVERLAKE,CHILDRENS
7,FICTION,SILVERLAKE,YOUNGADULT
1,INSPRATION,SILVERLAKE,
7,INSPRATION,SILVERLAKE,ADULT
1,INSPRATION,SILVERLAKE,CHILDRENS
11,LARGEPRINT,SILVERLAKE,ADULT
12,MAGAZINE,SILVERLAKE,ADULT
4,MAGAZINE,SILVERLAKE,CHILDRENS
4,NONFICTION,SILVERLAKE,ADULT
1,NONFICTION,SILVERLAKE,CHILDRENS
5,BIOGRAPHY,TONGANOXIE,ADULT
3,BOARDBK,TONGANOXIE,CHILDRENS
5,BOOKONCD,TONGANOXIE,ADULT
13,DVD,TONGANOXIE,ADULT
4,DVD,TONGANOXIE,CHILDRENS
1,EASY,TONGANOXIE,CHILDRENS
24,FICTION,TONGANOXIE,ADULT
5,FICTION,TONGANOXIE,YOUNGADULT
1,GRAPHIC,TONGANOXIE,ADULT
5,GRAPHIC,TONGANOXIE,YOUNGADULT
8,LARGEPRINT,TONGANOXIE,ADULT
7,MUSIC,TONGANOXIE,ADULT
24,MYSTERY,TONGANOXIE,ADULT
27,NONFICTION,TONGANOXIE,ADULT
2,NONFICTION,TONGANOXIE,CHILDRENS
10,ON-ORDER,TONGANOXIE,ADULT
12,ON-ORDER,TONGANOXIE,CATALOGING
1,ON-ORDER,TONGANOXIE,YOUNGADULT
3,SF-FANT,TONGANOXIE,ADULT
1,VHS,TONGANOXIE,ADULT
2,VIDEOGAME,TONGANOXIE,YOUNGADULT
7,BOOKONCASS,VALLEYFALL,ADULT
2,DVD,VALLEYFALL,ADULT
4,FICTION,VALLEYFALL,ADULT
2,FICTION,VALLEYFALL,CHILDRENS
12,FICTION,VALLEYFALL,YOUNGADULT
1,GRAPHIC,VALLEYFALL,CHILDRENS
4,GRAPHIC,VALLEYFALL,YOUNGADULT
6,LARGEPRINT,VALLEYFALL,ADULT
13,MYSTERY,VALLEYFALL,ADULT
9,NONFICTION,VALLEYFALL,CHILDRENS
9,READER,VALLEYFALL,CHILDRENS
1,SF-FANT,VALLEYFALL,YOUNGADULT
3,VHS,VALLEYFALL,ADULT
1,BIOGRAPHY,WELLSVILLE,ADULT
3,BOOKONCD,WELLSVILLE,ADULT
18,DVD,WELLSVILLE,ADULT
3,DVD,WELLSVILLE,CHILDRENS
3,DVD,WELLSVILLE,YOUNGADULT
17,FICTION,WELLSVILLE,ADULT
17,FICTION,WELLSVILLE,CHILDRENS
8,FICTION,WELLSVILLE,YOUNGADULT
11,MYSTERY,WELLSVILLE,ADULT
2,MYSTERY,WELLSVILLE,YOUNGADULT
6,NONFICTION,WELLSVILLE,ADULT
4,NONFICTION,WELLSVILLE,CHILDRENS
1,NONFICTION,WELLSVILLE,YOUNGADULT
9,PROFCOLL,WELLSVILLE,
8,READER,WELLSVILLE,CHILDRENS
2,WESTERN,WELLSVILLE,ADULT
6,BOOKONCD,WETMORE,ADULT
2,DVD,WETMORE,ADULT
9,FICTION,WETMORE,ADULT
1,FICTION,WETMORE,CART
2,FICTION,WETMORE,YOUNGADULT
2,NONFICTION,WETMORE,ADULT
2,NONFICTION,WETMORE,CHILDRENS
9,READER,WETMORE,CHILDRENS
4,BIOGRAPHY,WILLIAMSBG,ADULT
4,BOARDBK,WILLIAMSBG,CHILDRENS
1,BOOKONCD,WILLIAMSBG,ADULT
5,CAKEPAN,WILLIAMSBG,ADULT
9,DVD,WILLIAMSBG,ADULT
2,EASY,WILLIAMSBG,ADULT
29,EASY,WILLIAMSBG,CHILDRENS
47,FICTION,WILLIAMSBG,ADULT
31,FICTION,WILLIAMSBG,CHILDRENS
3,FICTION,WILLIAMSBG,YOUNGADULT
17,HOLIDAY,WILLIAMSBG,CHILDRENS
4,KANSAS,WILLIAMSBG,ADULT
4,LARGEPRINT,WILLIAMSBG,ADULT
2,MUSIC,WILLIAMSBG,ADULT
143,MYSTERY,WILLIAMSBG,ADULT
54,NONFICTION,WILLIAMSBG,ADULT
11,NONFICTION,WILLIAMSBG,CHILDRENS
1,NONFICTION,WILLIAMSBG,YOUNGADULT
2,READER,WILLIAMSBG,CHILDRENS
11,WESTERN,WILLIAMSBG,ADULT
3,BOOKONCD,WINCHESTER,ADULT
19,DVD,WINCHESTER,ADULT
1,DVD,WINCHESTER,CHILDRENS
3,FICTION,WINCHESTER,ADULT
2,FICTION,WINCHESTER,CHILDRENS
2,FICTION,WINCHESTER,YOUNGADULT
1,GRAPHIC,WINCHESTER,CHILDRENS
1,GRAPHIC,WINCHESTER,YOUNGADULT
3,INSPRATION,WINCHESTER,ADULT
1,LARGEPRINT,WINCHESTER,
1,LARGEPRINT,WINCHESTER,ADULT
1,NONFICTION,WINCHESTER,ADULT
1,PAPERBACK,WINCHESTER,ADULT
